"ORSEE_code","trial_id","subject_nr","subject_parity","age","gender","GEB.est","svs_biospheric","svs_altruistic","svs_egoistic","svs_hedonic","EU_ETS","vege_Q1","vege_Q2","vege_Q3","offer_resp_time","trial_order","carbon","money","proenv_decision","decision_diff_resp","DT_Carbon","DT_Money","DT_Total","Rel_DT_Carbon","first_fix_Carbon","last_fix_Carbon","FixCount_Carbon","FixCount_Money","FixCount_Total","Rel_FixCount_Carbon","FixDuration_Carbon","FixDuration_Money","Rel_FixDuration_Carbon","MeanFixDuration","nb_transition"
7764,1,13,"odd",22,"M",0.643,3,4.75,1.6,3.66666666666667,2,NA,NA,NA,2983,15,20,8,0,2,1963.993,333.005,2297,0.86,0,1,5,2,7,0.71,392.7986,166.5025,0.7,328.142571428571,1
7764,10,13,"odd",22,"M",0.643,3,4.75,1.6,3.66666666666667,2,NA,NA,NA,2408,22,50,17,1,1,1148.006,549.005,1697.01,0.68,0,0,4,2,6,0.67,287.0015,274.5025,0.51,282.835166666667,2
7764,11,13,"odd",22,"M",0.643,3,4.75,1.6,3.66666666666667,2,NA,NA,NA,4381,1,50,20,0,2,698.995000000001,2281.009,2980,0.23,0,0,3,10,13,0.23,232.998333333334,228.1009,0.51,229.231076923077,6
7764,12,13,"odd",22,"M",0.643,3,4.75,1.6,3.66666666666667,2,NA,NA,NA,6451,25,50,23,0,2,731.994,3759,4490.99,0.16,0,0,2,11,13,0.15,365.997,341.727272727273,0.52,345.461076923077,4
7764,13,13,"odd",22,"M",0.643,3,4.75,1.6,3.66666666666667,2,NA,NA,NA,3113,28,65,17,1,2,861.976,932.992,1794.97,0.48,0,0,5,5,10,0.5,172.3952,186.5984,0.48,179.4968,6
7764,14,13,"odd",22,"M",0.643,3,4.75,1.6,3.66666666666667,2,NA,NA,NA,3617,35,65,20,1,2,2113.999,666.01,2780.01,0.76,0,0,6,4,10,0.6,352.333166666667,166.5025,0.68,278.0009,4
7764,15,13,"odd",22,"M",0.643,3,4.75,1.6,3.66666666666667,2,NA,NA,NA,2736,21,65,23,0,2,1031.015,730.995,1762.01,0.59,0,1,4,4,8,0.5,257.75375,182.74875,0.59,220.25125,5
7764,16,13,"odd",22,"M",0.643,3,4.75,1.6,3.66666666666667,2,NA,NA,NA,1514,10,80,20,1,1,267.008,599.002,866.01,0.31,0,0,2,2,4,0.5,133.504,299.501,0.31,216.5025,2
7764,17,13,"odd",22,"M",0.643,3,4.75,1.6,3.66666666666667,2,NA,NA,NA,1632,4,80,23,1,1,183.002,682.009,865.01,0.21,0,0,1,3,4,0.25,183.002,227.336333333333,0.45,216.25275,2
7764,18,13,"odd",22,"M",0.643,3,4.75,1.6,3.66666666666667,2,NA,NA,NA,1321,13,95,23,1,1,216,415.999,632,0.34,0,0,1,3,4,0.25,216,138.666333333333,0.61,157.99975,2
7764,19,13,"odd",22,"M",0.643,3,4.75,1.6,3.66666666666667,2,NA,NA,NA,2150,17,35,5,1,1,416,750.004,1166,0.36,0,0,1,3,4,0.25,416,250.001333333333,0.62,291.501,2
7764,2,13,"odd",22,"M",0.643,3,4.75,1.6,3.66666666666667,2,NA,NA,NA,2307,34,20,11,0,2,880.997,631.988,1512.99,0.58,0,0,3,3,6,0.5,293.665666666667,210.662666666667,0.58,252.164166666667,4
7764,20,13,"odd",22,"M",0.643,3,4.75,1.6,3.66666666666667,2,NA,NA,NA,1784,33,50,5,1,1,782.004,434.01,1216.01,0.64,0,0,2,3,5,0.4,391.002,144.67,0.73,243.2028,2
7764,21,13,"odd",22,"M",0.643,3,4.75,1.6,3.66666666666667,2,NA,NA,NA,1755,12,50,8,1,1,515.008,366.003,881.01,0.58,0,1,2,2,4,0.5,257.504,183.0015,0.58,220.25275,1
7764,22,13,"odd",22,"M",0.643,3,4.75,1.6,3.66666666666667,2,NA,NA,NA,1845,20,65,5,1,1,331.993,1064.999,1396.99,0.24,0,0,1,3,4,0.25,331.993,354.999666666667,0.48,349.248,2
7764,23,13,"odd",22,"M",0.643,3,4.75,1.6,3.66666666666667,2,NA,NA,NA,2962,5,65,8,1,1,150.003,2095.997,2246,0.07,0,0,1,7,8,0.12,150.003,299.428142857143,0.33,280.75,2
7764,24,13,"odd",22,"M",0.643,3,4.75,1.6,3.66666666666667,2,NA,NA,NA,1681,29,65,11,1,1,383.002,616,999,0.38,0,0,1,2,3,0.33,383.002,308,0.55,333.000666666667,2
7764,25,13,"odd",22,"M",0.643,3,4.75,1.6,3.66666666666667,2,NA,NA,NA,1171,14,80,5,1,1,249.011,299.007,548.02,0.45,0,0,2,2,4,0.5,124.5055,149.5035,0.45,137.0045,2
7764,26,13,"odd",22,"M",0.643,3,4.75,1.6,3.66666666666667,2,NA,NA,NA,1562,36,80,8,1,1,566.004,316.992,883,0.64,0,0,2,2,4,0.5,283.002,158.496,0.64,220.749,2
7764,27,13,"odd",22,"M",0.643,3,4.75,1.6,3.66666666666667,2,NA,NA,NA,2264,9,80,11,1,1,232.999,946.996,1179.99,0.2,0,0,1,4,5,0.2,232.999,236.749,0.5,235.999,2
7764,28,13,"odd",22,"M",0.643,3,4.75,1.6,3.66666666666667,2,NA,NA,NA,3303,24,80,14,1,1,981.005,1248.983,2229.99,0.44,0,0,4,6,10,0.4,245.25125,208.163833333333,0.54,222.9988,6
7764,29,13,"odd",22,"M",0.643,3,4.75,1.6,3.66666666666667,2,NA,NA,NA,1874,2,95,8,1,1,0,1131.008,1131.01,0,0,0,0,5,5,0,0,226.2016,0,226.2016,0
7764,3,13,"odd",22,"M",0.643,3,4.75,1.6,3.66666666666667,2,NA,NA,NA,3632,7,20,14,0,2,368.013,1866.01,2234.02,0.16,0,0,2,6,8,0.25,184.0065,311.001666666667,0.37,279.252875,4
7764,30,13,"odd",22,"M",0.643,3,4.75,1.6,3.66666666666667,2,NA,NA,NA,1153,26,95,11,1,1,116.007,415.002,531.01,0.22,0,0,1,2,3,0.33,116.007,207.501,0.36,177.003,2
7764,31,13,"odd",22,"M",0.643,3,4.75,1.6,3.66666666666667,2,NA,NA,NA,1402,18,95,14,1,1,248.998,681.011,930.01,0.27,0,0,1,3,4,0.25,248.998,227.003666666667,0.52,232.50225,2
7764,32,13,"odd",22,"M",0.643,3,4.75,1.6,3.66666666666667,2,NA,NA,NA,1603,31,95,17,1,1,200,466.008,666.01,0.3,0,0,1,3,4,0.25,200,155.336,0.56,166.502,2
7764,33,13,"odd",22,"M",0.643,3,4.75,1.6,3.66666666666667,2,NA,NA,NA,1681,8,110,11,1,1,116.006,946.994,1063,0.11,0,0,1,4,5,0.2,116.006,236.7485,0.33,212.6,2
7764,34,13,"odd",22,"M",0.643,3,4.75,1.6,3.66666666666667,2,NA,NA,NA,2279,23,110,14,1,1,432.999,732.993,1165.99,0.37,0,0,2,4,6,0.33,216.4995,183.24825,0.54,194.332,4
7764,35,13,"odd",22,"M",0.643,3,4.75,1.6,3.66666666666667,2,NA,NA,NA,1840,6,110,17,1,1,150.003,881.022,1031.02,0.15,0,0,1,6,7,0.14,150.003,146.837,0.51,147.289285714286,2
7764,36,13,"odd",22,"M",0.643,3,4.75,1.6,3.66666666666667,2,NA,NA,NA,1336,27,110,20,1,1,231.987,600.001,831.99,0.28,0,0,1,4,5,0.2,231.987,150.00025,0.61,166.3976,2
7764,4,13,"odd",22,"M",0.643,3,4.75,1.6,3.66666666666667,2,NA,NA,NA,2143,19,20,17,0,1,497.996,547.993,1045.99,0.48,0,1,2,2,4,0.5,248.998,273.9965,0.48,261.49725,3
7764,5,13,"odd",22,"M",0.643,3,4.75,1.6,3.66666666666667,2,NA,NA,NA,3673,3,35,11,0,2,448.014,1961.01,2409.02,0.19,0,0,3,7,10,0.3,149.338,280.144285714286,0.35,240.9024,4
7764,6,13,"odd",22,"M",0.643,3,4.75,1.6,3.66666666666667,2,NA,NA,NA,1354,30,35,14,0,2,399.002,315.995,715,0.56,0,0,1,2,3,0.33,399.002,157.9975,0.72,238.332333333333,2
7764,7,13,"odd",22,"M",0.643,3,4.75,1.6,3.66666666666667,2,NA,NA,NA,1619,16,35,17,0,2,317.005,399.999,717,0.44,0,0,1,2,3,0.33,317.005,199.9995,0.61,239.001333333333,2
7764,8,13,"odd",22,"M",0.643,3,4.75,1.6,3.66666666666667,2,NA,NA,NA,1587,32,35,20,0,2,482.01,397.99,880,0.55,0,0,2,2,4,0.5,241.005,198.995,0.55,220,2
7764,9,13,"odd",22,"M",0.643,3,4.75,1.6,3.66666666666667,2,NA,NA,NA,4787,11,50,14,0,2,715.008,2647.989,3363,0.21,0,0,3,7,10,0.3,238.336,378.284142857143,0.39,336.2997,6
7809,1,11,"odd",20,"F",0.933,7,7,3.8,7,4,NA,NA,NA,4320,12,20,8,1,1,1513.996,1563.992,3077.99,0.49,1,0,4,6,10,0.4,378.499,260.665333333333,0.59,307.7988,5
7809,10,11,"odd",20,"F",0.933,7,7,3.8,7,4,NA,NA,NA,2736,24,50,17,1,1,633.012,999,1632.01,0.39,1,0,4,3,7,0.57,158.253,333,0.32,233.144571428571,3
7809,11,11,"odd",20,"F",0.933,7,7,3.8,7,4,NA,NA,NA,2314,26,50,20,1,1,564.992,750.003,1314.99,0.43,1,0,3,2,5,0.6,188.330666666667,375.0015,0.33,262.999,3
7809,12,11,"odd",20,"F",0.933,7,7,3.8,7,4,NA,NA,NA,2170,33,50,23,1,1,681.011,615.001,1296.01,0.53,1,0,2,2,4,0.5,340.5055,307.5005,0.53,324.003,3
7809,13,11,"odd",20,"F",0.933,7,7,3.8,7,4,NA,NA,NA,1014,32,65,17,1,1,334.003,349.004,683.01,0.49,1,0,2,2,4,0.5,167.0015,174.502,0.49,170.75175,1
7809,14,11,"odd",20,"F",0.933,7,7,3.8,7,4,NA,NA,NA,1928,4,65,20,1,1,832.999,416.998,1250,0.67,0,0,3,2,5,0.6,277.666333333333,208.499,0.57,249.9994,2
7809,15,11,"odd",20,"F",0.933,7,7,3.8,7,4,NA,NA,NA,2844,21,65,23,1,1,696.999,1430.003,2127,0.33,1,0,3,3,6,0.5,232.333,476.667666666667,0.33,354.500333333333,3
7809,16,11,"odd",20,"F",0.933,7,7,3.8,7,4,NA,NA,NA,1516,15,80,20,1,1,850.009,216.999,1067.01,0.8,1,1,4,1,5,0.8,212.50225,216.999,0.49,213.4016,2
7809,17,11,"odd",20,"F",0.933,7,7,3.8,7,4,NA,NA,NA,1760,25,80,23,1,1,365.99,632,997.99,0.37,1,1,2,1,3,0.67,182.995,632,0.22,332.663333333333,2
7809,18,11,"odd",20,"F",0.933,7,7,3.8,7,4,NA,NA,NA,1898,8,95,23,1,1,416.998,732.007,1149.01,0.36,1,0,2,2,4,0.5,208.499,366.0035,0.36,287.25125,3
7809,19,11,"odd",20,"F",0.933,7,7,3.8,7,4,NA,NA,NA,2908,7,35,5,1,1,1280.013,951.001,2231.01,0.57,1,0,4,3,7,0.57,320.00325,317.000333333333,0.5,318.716285714286,3
7809,2,11,"odd",20,"F",0.933,7,7,3.8,7,4,NA,NA,NA,3058,6,20,11,1,1,482.009,481.011,963.02,0.5,1,1,3,2,5,0.6,160.669666666667,240.5055,0.4,192.604,4
7809,20,11,"odd",20,"F",0.933,7,7,3.8,7,4,NA,NA,NA,2151,5,50,5,1,1,597.991,366.004,964,0.62,1,1,2,2,4,0.5,298.9955,183.002,0.62,240.99875,2
7809,21,11,"odd",20,"F",0.933,7,7,3.8,7,4,NA,NA,NA,1280,14,50,8,1,1,266.009,333.004,599.01,0.44,1,1,2,2,4,0.5,133.0045,166.502,0.44,149.75325,2
7809,22,11,"odd",20,"F",0.933,7,7,3.8,7,4,NA,NA,NA,1409,20,65,5,1,1,334.004,599.014,933.02,0.36,0,0,2,3,5,0.4,167.002,199.671333333333,0.46,186.6036,2
7809,23,11,"odd",20,"F",0.933,7,7,3.8,7,4,NA,NA,NA,1153,27,65,8,1,1,282.996,165.005,448,0.63,1,0,1,1,2,0.5,282.996,165.005,0.63,224.0005,1
7809,24,11,"odd",20,"F",0.933,7,7,3.8,7,4,NA,NA,NA,1029,31,65,11,1,1,330.996,330.995,661.99,0.5,1,0,2,1,3,0.67,165.498,330.995,0.33,220.663666666667,1
7809,25,11,"odd",20,"F",0.933,7,7,3.8,7,4,NA,NA,NA,1769,10,80,5,1,1,434.01,284.006,718.02,0.6,0,1,3,2,5,0.6,144.67,142.003,0.5,143.6032,3
7809,26,11,"odd",20,"F",0.933,7,7,3.8,7,4,NA,NA,NA,2530,3,80,8,1,1,967,298.982,1265.98,0.76,1,1,4,2,6,0.67,241.75,149.491,0.62,210.997,2
7809,27,11,"odd",20,"F",0.933,7,7,3.8,7,4,NA,NA,NA,1168,16,80,11,1,1,550.015,299.008,849.02,0.65,1,1,4,2,6,0.67,137.50375,149.504,0.48,141.503833333333,2
7809,28,11,"odd",20,"F",0.933,7,7,3.8,7,4,NA,NA,NA,2166,22,80,14,1,1,780.979,647.001,1427.98,0.55,1,0,4,2,6,0.67,195.24475,323.5005,0.38,237.996666666667,3
7809,29,11,"odd",20,"F",0.933,7,7,3.8,7,4,NA,NA,NA,2978,28,95,8,1,1,1231.001,947.993,2178.99,0.56,1,1,5,4,9,0.56,246.2002,236.99825,0.51,242.110444444444,4
7809,3,11,"odd",20,"F",0.933,7,7,3.8,7,4,NA,NA,NA,4265,17,20,14,0,3,1681.012,1497.997,3179.01,0.53,1,0,5,4,9,0.56,336.2024,374.49925,0.47,353.223222222222,5
7809,30,11,"odd",20,"F",0.933,7,7,3.8,7,4,NA,NA,NA,3185,36,95,11,1,1,2128.998,314.995,2443.99,0.87,1,1,6,1,7,0.86,354.833,314.995,0.53,349.141857142857,2
7809,31,11,"odd",20,"F",0.933,7,7,3.8,7,4,NA,NA,NA,2810,9,95,14,1,1,666.009,932.006,1598.01,0.42,1,0,3,4,7,0.43,222.003,233.0015,0.49,228.287857142857,3
7809,32,11,"odd",20,"F",0.933,7,7,3.8,7,4,NA,NA,NA,1712,2,95,17,1,1,316.992,516.007,833,0.38,1,1,2,2,4,0.5,158.496,258.0035,0.38,208.24975,2
7809,33,11,"odd",20,"F",0.933,7,7,3.8,7,4,NA,NA,NA,1834,13,110,11,1,1,566.003,448.999,1015,0.56,1,1,3,2,5,0.6,188.667666666667,224.4995,0.46,203.0004,2
7809,34,11,"odd",20,"F",0.933,7,7,3.8,7,4,NA,NA,NA,1889,19,110,14,1,1,365.004,481.997,847,0.43,1,0,2,1,3,0.67,182.502,481.997,0.27,282.333666666667,1
7809,35,11,"odd",20,"F",0.933,7,7,3.8,7,4,NA,NA,NA,1115,30,110,17,1,1,150.003,350.004,500.01,0.3,1,0,1,2,3,0.33,150.003,175.002,0.46,166.669,1
7809,36,11,"odd",20,"F",0.933,7,7,3.8,7,4,NA,NA,NA,745,34,110,20,1,1,133.004,168,301,0.44,1,0,1,1,2,0.5,133.004,168,0.44,150.502,1
7809,4,11,"odd",20,"F",0.933,7,7,3.8,7,4,NA,NA,NA,4307,23,20,17,0,3,1631.999,1546.009,3178.01,0.51,1,0,6,4,10,0.6,271.999833333333,386.50225,0.41,317.8008,5
7809,5,11,"odd",20,"F",0.933,7,7,3.8,7,4,NA,NA,NA,1638,29,35,11,1,1,499.993,566.003,1066,0.47,1,1,2,2,4,0.5,249.9965,283.0015,0.47,266.499,2
7809,6,11,"odd",20,"F",0.933,7,7,3.8,7,4,NA,NA,NA,1355,35,35,14,1,1,315.007,748.992,1064,0.3,1,0,2,1,3,0.67,157.5035,748.992,0.17,354.666333333333,1
7809,7,11,"odd",20,"F",0.933,7,7,3.8,7,4,NA,NA,NA,3613,11,35,17,0,2,1514.008,1149.99,2664,0.57,1,0,8,4,12,0.67,189.251,287.4975,0.4,221.999833333333,5
7809,8,11,"odd",20,"F",0.933,7,7,3.8,7,4,NA,NA,NA,6564,1,35,20,0,2,3142.027,1733.004,4875.03,0.64,0,1,14,6,20,0.7,224.4305,288.833999999999,0.44,243.75155,7
7809,9,11,"odd",20,"F",0.933,7,7,3.8,7,4,NA,NA,NA,5360,18,50,14,1,1,1681.009,1779.994,3461,0.49,1,0,7,7,14,0.5,240.144142857143,254.284857142857,0.49,247.2145,7
7828,1,13,"odd",20,"F",1.456,2.5,5.5,-0.2,6.33333333333333,2,1,6,6,2475,12,20,8,0,3,846.989,863.988,1710.98,0.5,0,0,2,4,6,0.33,423.4945,215.997,0.66,285.162833333333,2
7828,10,13,"odd",20,"F",1.456,2.5,5.5,-0.2,6.33333333333333,2,1,6,6,1293,22,50,17,0,1,249.997,548.006,798,0.31,0,0,1,2,3,0.33,249.997,274.003,0.48,266.001,2
7828,11,13,"odd",20,"F",1.456,2.5,5.5,-0.2,6.33333333333333,2,1,6,6,2093,32,50,20,0,1,565.006,716.005,1281.01,0.44,0,1,2,3,5,0.4,282.503,238.668333333333,0.54,256.2022,3
7828,12,13,"odd",20,"F",1.456,2.5,5.5,-0.2,6.33333333333333,2,1,6,6,1444,15,50,23,0,1,348.992,597.003,945.99,0.37,0,0,1,4,5,0.2,348.992,149.25075,0.7,189.199,2
7828,13,13,"odd",20,"F",1.456,2.5,5.5,-0.2,6.33333333333333,2,1,6,6,3578,16,65,17,1,3,1562.995,1065.998,2628.99,0.59,1,0,6,4,10,0.6,260.499166666667,266.4995,0.49,262.8993,5
7828,14,13,"odd",20,"F",1.456,2.5,5.5,-0.2,6.33333333333333,2,1,6,6,1380,1,65,20,0,2,499.008,382.003,881.01,0.57,0,0,1,2,3,0.33,499.008,191.0015,0.72,293.670333333333,2
7828,15,13,"odd",20,"F",1.456,2.5,5.5,-0.2,6.33333333333333,2,1,6,6,2491,23,65,23,0,2,682.995,1000.012,1683.01,0.41,0,1,3,4,7,0.43,227.665,250.003,0.48,240.429571428571,5
7828,16,13,"odd",20,"F",1.456,2.5,5.5,-0.2,6.33333333333333,2,1,6,6,3611,27,80,20,0,3,1645.989,1164.007,2810,0.59,0,0,6,5,11,0.55,274.3315,232.8014,0.54,255.454181818182,4
7828,17,13,"odd",20,"F",1.456,2.5,5.5,-0.2,6.33333333333333,2,1,6,6,1323,35,80,23,0,3,366.003,664.986,1030.99,0.36,0,0,2,3,5,0.4,183.0015,221.662,0.45,206.1978,2
7828,18,13,"odd",20,"F",1.456,2.5,5.5,-0.2,6.33333333333333,2,1,6,6,3699,9,95,23,0,3,1296.984,1530.995,2827.98,0.46,0,1,4,3,7,0.57,324.246,510.331666666667,0.39,403.997,3
7828,19,13,"odd",20,"F",1.456,2.5,5.5,-0.2,6.33333333333333,2,1,6,6,1498,10,35,5,1,1,816.013,200,1016.01,0.8,0,1,2,1,3,0.67,408.0065,200,0.67,338.671,1
7828,2,13,"odd",20,"F",1.456,2.5,5.5,-0.2,6.33333333333333,2,1,6,6,2106,3,20,11,0,1,699.993,766.016,1466.01,0.48,0,1,2,2,4,0.5,349.9965,383.008,0.48,366.50225,3
7828,20,13,"odd",20,"F",1.456,2.5,5.5,-0.2,6.33333333333333,2,1,6,6,1674,6,50,5,0,2,632.012,532.006,1164.02,0.54,0,0,3,2,5,0.6,210.670666666667,266.003,0.44,232.8036,2
7828,21,13,"odd",20,"F",1.456,2.5,5.5,-0.2,6.33333333333333,2,1,6,6,2745,25,50,8,1,3,500.006,1514.01,2014.02,0.25,0,0,1,4,5,0.2,500.006,378.5025,0.57,402.8032,2
7828,22,13,"odd",20,"F",1.456,2.5,5.5,-0.2,6.33333333333333,2,1,6,6,1371,20,65,5,1,1,714.995,216,931,0.77,0,1,3,1,4,0.75,238.331666666667,216,0.52,232.74875,1
7828,23,13,"odd",20,"F",1.456,2.5,5.5,-0.2,6.33333333333333,2,1,6,6,4105,34,65,8,1,3,2611.019,600.998,3212.02,0.81,0,1,8,3,11,0.73,326.377375,200.332666666667,0.62,292.001545454545,5
7828,24,13,"odd",20,"F",1.456,2.5,5.5,-0.2,6.33333333333333,2,1,6,6,1658,17,65,11,1,3,431.002,615.999,1047,0.41,0,0,2,3,5,0.4,215.501,205.333,0.51,209.4002,4
7828,25,13,"odd",20,"F",1.456,2.5,5.5,-0.2,6.33333333333333,2,1,6,6,2069,7,80,5,1,1,848,681.997,1530,0.55,0,0,4,3,7,0.57,212,227.332333333333,0.48,218.571,2
7828,26,13,"odd",20,"F",1.456,2.5,5.5,-0.2,6.33333333333333,2,1,6,6,2033,2,80,8,0,2,864.985,498.995,1363.98,0.63,1,0,3,2,5,0.6,288.328333333333,249.4975,0.54,272.796,3
7828,27,13,"odd",20,"F",1.456,2.5,5.5,-0.2,6.33333333333333,2,1,6,6,2361,30,80,11,1,2,947.994,899.994,1847.99,0.51,0,1,4,3,7,0.57,236.9985,299.998,0.44,263.998285714286,3
7828,28,13,"odd",20,"F",1.456,2.5,5.5,-0.2,6.33333333333333,2,1,6,6,3990,24,80,14,1,3,1918.002,1064.998,2983,0.64,0,0,6,5,11,0.55,319.667,212.9996,0.6,271.181818181818,6
7828,29,13,"odd",20,"F",1.456,2.5,5.5,-0.2,6.33333333333333,2,1,6,6,1139,31,95,8,1,1,600,232,832,0.72,0,1,1,1,2,0.5,600,232,0.72,416,1
7828,3,13,"odd",20,"F",1.456,2.5,5.5,-0.2,6.33333333333333,2,1,6,6,1464,29,20,14,0,1,466.01,448.985,915,0.51,0,0,2,2,4,0.5,233.005,224.4925,0.51,228.74875,2
7828,30,13,"odd",20,"F",1.456,2.5,5.5,-0.2,6.33333333333333,2,1,6,6,1307,14,95,11,1,1,697.997,217.997,915.99,0.76,0,1,2,1,3,0.67,348.9985,217.997,0.62,305.331333333333,1
7828,31,13,"odd",20,"F",1.456,2.5,5.5,-0.2,6.33333333333333,2,1,6,6,1418,8,95,14,1,1,583.015,150.004,733.02,0.8,0,1,2,1,3,0.67,291.5075,150.004,0.66,244.339666666667,1
7828,32,13,"odd",20,"F",1.456,2.5,5.5,-0.2,6.33333333333333,2,1,6,6,1353,4,95,17,1,2,464.972,316.005,780.98,0.6,0,0,3,2,5,0.6,154.990666666667,158.0025,0.5,156.1954,2
7828,33,13,"odd",20,"F",1.456,2.5,5.5,-0.2,6.33333333333333,2,1,6,6,1095,28,110,11,1,1,281.997,397.989,679.99,0.41,0,0,1,2,3,0.33,281.997,198.9945,0.59,226.662,2
7828,34,13,"odd",20,"F",1.456,2.5,5.5,-0.2,6.33333333333333,2,1,6,6,1291,21,110,14,1,1,465.997,366.003,832,0.56,0,0,1,2,3,0.33,465.997,183.0015,0.72,277.333333333333,2
7828,35,13,"odd",20,"F",1.456,2.5,5.5,-0.2,6.33333333333333,2,1,6,6,3731,33,110,17,1,3,1515.009,1448.998,2964.01,0.51,0,1,7,3,10,0.7,216.429857142857,482.999333333333,0.31,296.4007,5
7828,36,13,"odd",20,"F",1.456,2.5,5.5,-0.2,6.33333333333333,2,1,6,6,1427,18,110,20,1,1,533.99,384.013,918,0.58,0,1,2,2,4,0.5,266.995,192.0065,0.58,229.50075,3
7828,4,13,"odd",20,"F",1.456,2.5,5.5,-0.2,6.33333333333333,2,1,6,6,1167,19,20,17,0,1,432.001,232.998,665,0.65,0,1,2,1,3,0.67,216.0005,232.998,0.48,221.666333333333,1
7828,5,13,"odd",20,"F",1.456,2.5,5.5,-0.2,6.33333333333333,2,1,6,6,1194,36,35,11,0,2,399.001,415.001,814,0.49,0,0,2,3,5,0.4,199.5005,138.333666666667,0.59,162.8004,2
7828,6,13,"odd",20,"F",1.456,2.5,5.5,-0.2,6.33333333333333,2,1,6,6,2019,13,35,14,0,3,648.986,730.996,1379.98,0.47,1,0,2,3,5,0.4,324.493,243.665333333333,0.57,275.9964,3
7828,7,13,"odd",20,"F",1.456,2.5,5.5,-0.2,6.33333333333333,2,1,6,6,1212,11,35,17,0,1,449.996,350.003,800,0.56,1,0,2,1,3,0.67,224.998,350.003,0.39,266.666333333333,1
7828,8,13,"odd",20,"F",1.456,2.5,5.5,-0.2,6.33333333333333,2,1,6,6,2011,5,35,20,0,2,1247.999,198.989,1446.99,0.86,0,1,6,1,7,0.86,207.999833333333,198.989,0.51,206.712571428571,1
7828,9,13,"odd",20,"F",1.456,2.5,5.5,-0.2,6.33333333333333,2,1,6,6,1506,26,50,14,0,1,300.006,697.012,997.02,0.3,0,0,1,3,4,0.25,300.006,232.337333333333,0.56,249.2545,2
7835,1,13,"odd",23,"F",0.269,5.25,6,1.4,6.33333333333333,2,NA,NA,NA,2314,6,20,8,1,1,216.998,1463.013,1680.01,0.13,0,0,1,5,6,0.17,216.998,292.6026,0.43,280.001833333333,2
7835,10,13,"odd",23,"F",0.269,5.25,6,1.4,6.33333333333333,2,NA,NA,NA,7686,13,50,17,0,3,2595.008,3247.014,5842.02,0.44,0,0,12,8,20,0.6,216.250666666667,405.87675,0.35,292.1011,8
7835,11,13,"odd",23,"F",0.269,5.25,6,1.4,6.33333333333333,2,NA,NA,NA,5385,20,50,20,1,2,2594.992,1581.018,4176.01,0.62,0,1,11,7,18,0.61,235.908363636364,225.859714285714,0.51,232.000555555556,7
7835,12,13,"odd",23,"F",0.269,5.25,6,1.4,6.33333333333333,2,NA,NA,NA,4241,30,50,23,1,2,1214.016,1911.999,3126.02,0.39,0,0,4,6,10,0.4,303.504,318.6665,0.49,312.6015,6
7835,13,13,"odd",23,"F",0.269,5.25,6,1.4,6.33333333333333,2,NA,NA,NA,5224,27,65,17,1,1,1463.999,1944.013,3408.01,0.43,0,0,8,8,16,0.5,182.999875,243.001625,0.43,213.00075,8
7835,14,13,"odd",23,"F",0.269,5.25,6,1.4,6.33333333333333,2,NA,NA,NA,10096,35,65,20,1,3,3294.999,4167.014,7462.01,0.44,0,1,12,16,28,0.43,274.58325,260.438375,0.51,266.500464285714,11
7835,15,13,"odd",23,"F",0.269,5.25,6,1.4,6.33333333333333,2,NA,NA,NA,7488,17,65,23,0,3,3811.996,2077.992,5889.99,0.65,0,0,14,6,20,0.7,272.285428571429,346.332,0.44,294.4994,8
7835,16,13,"odd",23,"F",0.269,5.25,6,1.4,6.33333333333333,2,NA,NA,NA,4038,12,80,20,0,2,883.009000000001,2013.991,2897,0.3,0,0,5,7,12,0.42,176.6018,287.713,0.38,241.416666666667,6
7835,17,13,"odd",23,"F",0.269,5.25,6,1.4,6.33333333333333,2,NA,NA,NA,9897,22,80,23,1,3,2996.021,4493.044,7489.06,0.4,0,1,12,15,27,0.44,249.668416666666,299.536266666667,0.45,277.372777777778,11
7835,18,13,"odd",23,"F",0.269,5.25,6,1.4,6.33333333333333,2,NA,NA,NA,5309,1,95,23,1,3,1330.01,2480.025,3810.04,0.35,0,0,5,8,13,0.38,266.002,310.003125,0.46,293.079615384616,4
7835,19,13,"odd",23,"F",0.269,5.25,6,1.4,6.33333333333333,2,NA,NA,NA,3921,4,35,5,1,2,665.012,2048.999,2714.01,0.25,0,0,4,7,11,0.36,166.253,292.714142857143,0.36,246.728272727273,6
7835,2,13,"odd",23,"F",0.269,5.25,6,1.4,6.33333333333333,2,NA,NA,NA,3927,33,20,11,0,1,1481.996,949.99,2431.99,0.61,0,0,8,5,13,0.62,185.2495,189.998,0.49,187.075846153846,6
7835,20,13,"odd",23,"F",0.269,5.25,6,1.4,6.33333333333333,2,NA,NA,NA,3112,36,50,5,1,1,765.991,865.997,1631.99,0.47,0,0,4,3,7,0.57,191.49775,288.665666666667,0.4,233.141142857143,4
7835,21,13,"odd",23,"F",0.269,5.25,6,1.4,6.33333333333333,2,NA,NA,NA,3401,11,50,8,1,1,465.012,1846.015,2311.03,0.2,0,0,2,5,7,0.29,232.506,369.203,0.39,330.146714285714,4
7835,22,13,"odd",23,"F",0.269,5.25,6,1.4,6.33333333333333,2,NA,NA,NA,3862,14,65,5,1,1,1662.002,1250.022,2912.02,0.57,0,0,5,6,11,0.45,332.4004,208.337,0.61,264.729454545455,6
7835,23,13,"odd",23,"F",0.269,5.25,6,1.4,6.33333333333333,2,NA,NA,NA,2065,21,65,8,1,1,864.998,482.995,1347.99,0.64,0,1,4,2,6,0.67,216.2495,241.4975,0.47,224.6655,3
7835,24,13,"odd",23,"F",0.269,5.25,6,1.4,6.33333333333333,2,NA,NA,NA,6392,26,65,11,1,1,2143.975,2396.004,4539.98,0.47,0,1,8,9,17,0.47,267.996875,266.222666666667,0.5,267.057588235294,7
7835,25,13,"odd",23,"F",0.269,5.25,6,1.4,6.33333333333333,2,NA,NA,NA,1962,3,80,5,1,1,665.997,383.002,1049,0.63,0,1,2,2,4,0.5,332.9985,191.501,0.63,262.24975,3
7835,26,13,"odd",23,"F",0.269,5.25,6,1.4,6.33333333333333,2,NA,NA,NA,3553,34,80,8,1,1,1112.999,1498.024,2611.02,0.43,0,0,6,5,11,0.55,185.499833333333,299.6048,0.38,237.365727272727,6
7835,27,13,"odd",23,"F",0.269,5.25,6,1.4,6.33333333333333,2,NA,NA,NA,3578,7,80,11,1,1,967.014999999998,1513.011,2480.03,0.39,0,1,5,5,10,0.5,193.403,302.6022,0.39,248.0026,5
7835,28,13,"odd",23,"F",0.269,5.25,6,1.4,6.33333333333333,2,NA,NA,NA,11674,15,80,14,1,3,4493.003,5010.049,9503.05,0.47,0,1,12,16,28,0.43,374.416916666666,313.1280625,0.54,339.394714285714,11
7835,29,13,"odd",23,"F",0.269,5.25,6,1.4,6.33333333333333,2,NA,NA,NA,4624,23,95,8,1,1,1963.01,1263.003,3226.01,0.61,0,1,7,6,13,0.54,280.43,210.5005,0.57,248.154846153846,7
7835,3,13,"odd",23,"F",0.269,5.25,6,1.4,6.33333333333333,2,NA,NA,NA,3961,9,20,14,0,2,583,2214.003,2797,0.21,0,0,3,6,9,0.33,194.333333333333,369.0005,0.34,310.778111111111,4
7835,30,13,"odd",23,"F",0.269,5.25,6,1.4,6.33333333333333,2,NA,NA,NA,7552,25,95,11,1,1,2163.993,3698.012,5862.01,0.37,0,1,8,12,20,0.4,270.499125,308.167666666667,0.47,293.10025,7
7835,31,13,"odd",23,"F",0.269,5.25,6,1.4,6.33333333333333,2,NA,NA,NA,1945,2,95,14,1,1,714.01,517.018,1231.03,0.58,0,1,4,3,7,0.57,178.5025,172.339333333333,0.51,175.861142857143,3
7835,32,13,"odd",23,"F",0.269,5.25,6,1.4,6.33333333333333,2,NA,NA,NA,8605,31,95,17,1,2,4113.997,2327,6441,0.64,0,1,14,11,25,0.56,293.856928571429,211.545454545454,0.58,257.63988,9
7835,33,13,"odd",23,"F",0.269,5.25,6,1.4,6.33333333333333,2,NA,NA,NA,3592,8,110,11,1,1,1863.016,847.013,2710.03,0.69,0,0,5,5,10,0.5,372.6032,169.4026,0.69,271.0029,4
7835,34,13,"odd",23,"F",0.269,5.25,6,1.4,6.33333333333333,2,NA,NA,NA,2033,18,110,14,1,1,814.004,549.005,1363.01,0.6,0,0,2,4,6,0.33,407.002,137.25125,0.75,227.168166666667,4
7835,35,13,"odd",23,"F",0.269,5.25,6,1.4,6.33333333333333,2,NA,NA,NA,2705,19,110,17,1,1,881.996,996.992,1878.99,0.47,0,0,3,5,8,0.38,293.998666666667,199.3984,0.6,234.8735,4
7835,36,13,"odd",23,"F",0.269,5.25,6,1.4,6.33333333333333,2,NA,NA,NA,7799,28,110,20,1,2,2427.009,2746.966,5173.98,0.47,0,1,9,9,18,0.5,269.667666666667,305.218444444444,0.47,287.443055555556,9
7835,4,13,"odd",23,"F",0.269,5.25,6,1.4,6.33333333333333,2,NA,NA,NA,2864,16,20,17,0,1,1348.991,581.005,1930,0.7,0,0,5,4,9,0.56,269.7982,145.25125,0.65,214.444,4
7835,5,13,"odd",23,"F",0.269,5.25,6,1.4,6.33333333333333,2,NA,NA,NA,4550,24,35,11,0,2,1465.972,1730.969,3196.94,0.46,0,0,8,6,14,0.57,183.2465,288.494833333333,0.39,228.352928571429,8
7835,6,13,"odd",23,"F",0.269,5.25,6,1.4,6.33333333333333,2,NA,NA,NA,5374,29,35,14,1,2,1480,2497.997,3978,0.37,0,0,7,7,14,0.5,211.428571428571,356.856714285714,0.37,284.142642857143,4
7835,7,13,"odd",23,"F",0.269,5.25,6,1.4,6.33333333333333,2,NA,NA,NA,3356,5,35,17,0,1,533.006,1848,2381.01,0.22,0,0,3,5,8,0.38,177.668666666667,369.6,0.32,297.62575,4
7835,8,13,"odd",23,"F",0.269,5.25,6,1.4,6.33333333333333,2,NA,NA,NA,7816,32,35,20,0,2,1432.998,4807.011,6240.01,0.23,0,0,6,17,23,0.26,238.833,282.765352941176,0.46,271.304739130435,6
7835,9,13,"odd",23,"F",0.269,5.25,6,1.4,6.33333333333333,2,NA,NA,NA,7522,10,50,14,1,3,2795.007,3178.009,5973.02,0.47,0,0,9,8,17,0.53,310.556333333333,397.251125,0.44,351.353882352941,6
8014,1,8,"even",23,"M",1.916,7,6,0.2,4,2,5,7,6,995,33,20,8,1,1,865.012,0,865.01,1,1,1,3,0,3,1,288.337333333333,0,1,288.337333333333,0
8014,10,8,"even",23,"M",1.916,7,6,0.2,4,2,5,7,6,3231,1,50,17,1,1,1448.998,331.993,1780.99,0.81,1,1,6,2,8,0.75,241.499666666667,165.9965,0.59,222.623875,2
8014,11,8,"even",23,"M",1.916,7,6,0.2,4,2,5,7,6,2345,18,50,20,1,1,1531.008,250.01,1781.02,0.86,1,1,6,2,8,0.75,255.168,125.005,0.67,222.62725,2
8014,12,8,"even",23,"M",1.916,7,6,0.2,4,2,5,7,6,2502,20,50,23,1,1,1163.993,133.005,1297,0.9,1,1,4,1,5,0.8,290.99825,133.005,0.69,259.3996,2
8014,13,8,"even",23,"M",1.916,7,6,0.2,4,2,5,7,6,1882,23,65,17,1,1,830.977,115.993,946.97,0.88,1,1,4,1,5,0.8,207.74425,115.993,0.64,189.394,2
8014,14,8,"even",23,"M",1.916,7,6,0.2,4,2,5,7,6,2552,10,65,20,1,1,1548.006,117.004,1665.01,0.93,1,1,4,1,5,0.8,387.0015,117.004,0.77,333.002,2
8014,15,8,"even",23,"M",1.916,7,6,0.2,4,2,5,7,6,2528,6,65,23,1,1,932.007,465.996,1398,0.67,1,1,5,2,7,0.71,186.4014,232.998,0.44,199.714714285714,4
8014,16,8,"even",23,"M",1.916,7,6,0.2,4,2,5,7,6,1466,30,80,20,1,1,716.006,250.01,966.02,0.74,1,0,2,2,4,0.5,358.003,125.005,0.74,241.504,1
8014,17,8,"even",23,"M",1.916,7,6,0.2,4,2,5,7,6,982,13,80,23,1,1,298.995,115.994,414.99,0.72,1,0,1,1,2,0.5,298.995,115.994,0.72,207.4945,1
8014,18,8,"even",23,"M",1.916,7,6,0.2,4,2,5,7,6,2393,34,95,23,1,1,1362.995,366.004,1729,0.79,1,0,3,2,5,0.6,454.331666666667,183.002,0.71,345.7998,1
8014,19,8,"even",23,"M",1.916,7,6,0.2,4,2,5,7,6,1232,35,35,5,1,1,732.006,117.005,849.01,0.86,1,1,2,1,3,0.67,366.003,117.005,0.76,283.003666666667,2
8014,2,8,"even",23,"M",1.916,7,6,0.2,4,2,5,7,6,3058,9,20,11,1,1,1328.984,134.004,1462.99,0.91,1,1,6,1,7,0.86,221.497333333333,134.004,0.62,208.998285714286,2
8014,20,8,"even",23,"M",1.916,7,6,0.2,4,2,5,7,6,811,8,50,5,1,1,531.994,0,531.99,1,1,1,2,0,2,1,265.997,0,1,265.997,0
8014,21,8,"even",23,"M",1.916,7,6,0.2,4,2,5,7,6,1836,29,50,8,1,1,431.987,433.012,865,0.5,1,0,2,2,4,0.5,215.9935,216.506,0.5,216.24975,3
8014,22,8,"even",23,"M",1.916,7,6,0.2,4,2,5,7,6,3378,2,65,5,1,1,1381.005,782.003,2163.01,0.64,1,1,5,3,8,0.62,276.201,260.667666666667,0.51,270.376,4
8014,23,8,"even",23,"M",1.916,7,6,0.2,4,2,5,7,6,2157,15,65,8,1,1,1779.994,0,1779.99,1,1,1,5,0,5,1,355.9988,0,1,355.9988,0
8014,24,8,"even",23,"M",1.916,7,6,0.2,4,2,5,7,6,3844,22,65,11,1,1,2012.006,383.002,2395.01,0.84,1,0,6,2,8,0.75,335.334333333333,191.501,0.64,299.376,3
8014,25,8,"even",23,"M",1.916,7,6,0.2,4,2,5,7,6,803,36,80,5,1,1,183.002,0,183,1,1,1,1,0,1,1,183.002,0,1,183.002,0
8014,26,8,"even",23,"M",1.916,7,6,0.2,4,2,5,7,6,2875,11,80,8,1,1,1515.008,514.982,2029.99,0.75,1,0,4,4,8,0.5,378.752,128.7455,0.75,253.74875,3
8014,27,8,"even",23,"M",1.916,7,6,0.2,4,2,5,7,6,2179,26,80,11,1,1,966.003,133.005,1099.01,0.88,1,1,3,1,4,0.75,322.001,133.005,0.71,274.752,2
8014,28,8,"even",23,"M",1.916,7,6,0.2,4,2,5,7,6,2304,4,80,14,1,1,1018.01,349.006,1367.02,0.74,1,1,4,3,7,0.57,254.5025,116.335333333333,0.69,195.288,4
8014,29,8,"even",23,"M",1.916,7,6,0.2,4,2,5,7,6,2506,16,95,8,1,1,1198.015,0,1198.01,1,1,1,4,0,4,1,299.50375,0,1,299.50375,0
8014,3,8,"even",23,"M",1.916,7,6,0.2,4,2,5,7,6,1970,27,20,14,1,1,1281.011,182.003,1463.01,0.88,1,1,3,1,4,0.75,427.003666666667,182.003,0.7,365.7535,2
8014,30,8,"even",23,"M",1.916,7,6,0.2,4,2,5,7,6,2740,21,95,11,1,1,1997.006,133.005,2130.01,0.94,1,1,5,1,6,0.83,399.4012,133.005,0.75,355.001833333333,2
8014,31,8,"even",23,"M",1.916,7,6,0.2,4,2,5,7,6,1249,31,95,14,1,1,815.002,0,815,1,1,1,1,0,1,1,815.002,0,1,815.002,0
8014,32,8,"even",23,"M",1.916,7,6,0.2,4,2,5,7,6,883,7,95,17,1,1,200,115.994,315.99,0.63,1,0,1,1,2,0.5,200,115.994,0.63,157.997,1
8014,33,8,"even",23,"M",1.916,7,6,0.2,4,2,5,7,6,1104,25,110,11,1,1,299.993,249.997,549.99,0.55,1,0,1,1,2,0.5,299.993,249.997,0.55,274.995,1
8014,34,8,"even",23,"M",1.916,7,6,0.2,4,2,5,7,6,4468,5,110,14,1,1,2262.014,348.007,2610.02,0.87,1,1,9,2,11,0.82,251.334888888889,174.0035,0.59,237.274636363636,4
8014,35,8,"even",23,"M",1.916,7,6,0.2,4,2,5,7,6,1114,14,110,17,1,1,316.006,150.003,466.01,0.68,1,0,2,1,3,0.67,158.003,150.003,0.51,155.336333333333,1
8014,36,8,"even",23,"M",1.916,7,6,0.2,4,2,5,7,6,987,19,110,20,1,1,482.01,133.005,615.02,0.78,1,0,2,1,3,0.67,241.005,133.005,0.64,205.005,1
8014,4,8,"even",23,"M",1.916,7,6,0.2,4,2,5,7,6,5240,3,20,17,1,1,2463.002,1248.013,3711.02,0.66,1,1,10,3,13,0.77,246.3002,416.004333333334,0.37,285.462692307692,4
8014,5,8,"even",23,"M",1.916,7,6,0.2,4,2,5,7,6,2124,17,35,11,1,1,1082.994,0,1082.99,1,1,1,5,0,5,1,216.5988,0,1,216.5988,0
8014,6,8,"even",23,"M",1.916,7,6,0.2,4,2,5,7,6,939,24,35,14,1,1,333.004,167.002,500.01,0.67,1,0,1,1,2,0.5,333.004,167.002,0.67,250.003,1
8014,7,8,"even",23,"M",1.916,7,6,0.2,4,2,5,7,6,2330,32,35,17,1,1,1365.018,0,1365.02,1,1,1,3,0,3,1,455.006,0,1,455.006,0
8014,8,8,"even",23,"M",1.916,7,6,0.2,4,2,5,7,6,2618,12,35,20,1,1,1531.023,334.003,1865.03,0.82,1,0,6,2,8,0.75,255.1705,167.0015,0.6,233.12825,3
8014,9,8,"even",23,"M",1.916,7,6,0.2,4,2,5,7,6,2408,28,50,14,1,1,1714.024,165.005,1879.03,0.91,1,1,4,1,5,0.8,428.506,165.005,0.72,375.8058,2
8112,1,11,"odd",24,"F",1.488,7,6.5,3.2,5.33333333333333,2,NA,NA,NA,3048,15,20,8,1,1,633.011,1564.021,2197.03,0.29,0,0,2,5,7,0.29,316.5055,312.8042,0.5,313.861714285714,2
8112,10,11,"odd",24,"F",1.488,7,6.5,3.2,5.33333333333333,2,NA,NA,NA,2217,11,50,17,1,1,683.009,949.006,1632.02,0.42,0,0,3,4,7,0.43,227.669666666667,237.2515,0.49,233.145,2
8112,11,11,"odd",24,"F",1.488,7,6.5,3.2,5.33333333333333,2,NA,NA,NA,1925,31,50,20,1,1,433.011,883.007,1316.02,0.33,0,0,2,4,6,0.33,216.5055,220.75175,0.5,219.336333333333,2
8112,12,11,"odd",24,"F",1.488,7,6.5,3.2,5.33333333333333,2,NA,NA,NA,1912,22,50,23,1,1,715.008,584.001,1299.01,0.55,0,1,2,3,5,0.4,357.504,194.667,0.65,259.8018,1
8112,13,11,"odd",24,"F",1.488,7,6.5,3.2,5.33333333333333,2,NA,NA,NA,1883,23,65,17,1,1,665,647.988,1312.99,0.51,0,1,3,3,6,0.5,221.666666666667,215.996,0.51,218.831333333333,1
8112,14,11,"odd",24,"F",1.488,7,6.5,3.2,5.33333333333333,2,NA,NA,NA,4431,5,65,20,1,1,2181.989,1329.971,3511.96,0.62,0,0,5,4,9,0.56,436.3978,332.49275,0.57,390.217777777778,2
8112,15,11,"odd",24,"F",1.488,7,6.5,3.2,5.33333333333333,2,NA,NA,NA,3001,12,65,23,1,1,1429.977,402.009,1831.99,0.78,0,0,7,3,10,0.7,204.282428571429,134.003,0.6,183.1986,2
8112,16,11,"odd",24,"F",1.488,7,6.5,3.2,5.33333333333333,2,NA,NA,NA,2106,28,80,20,1,1,499.994,749.978,1249.97,0.4,0,0,2,4,6,0.33,249.997,187.4945,0.57,208.328666666667,2
8112,17,11,"odd",24,"F",1.488,7,6.5,3.2,5.33333333333333,2,NA,NA,NA,1952,36,80,23,1,1,481.997,364.992,846.99,0.57,0,0,2,2,4,0.5,240.9985,182.496,0.57,211.74725,2
8112,18,11,"odd",24,"F",1.488,7,6.5,3.2,5.33333333333333,2,NA,NA,NA,4067,16,95,23,1,1,682.01,2177,2859.01,0.24,0,1,4,8,12,0.33,170.5025,272.125,0.39,238.250833333333,1
8112,19,11,"odd",24,"F",1.488,7,6.5,3.2,5.33333333333333,2,NA,NA,NA,2472,13,35,5,1,1,916.006,749.004,1665.01,0.55,0,0,4,3,7,0.57,229.0015,249.668,0.48,237.858571428571,2
8112,2,11,"odd",24,"F",1.488,7,6.5,3.2,5.33333333333333,2,NA,NA,NA,1121,6,20,11,1,1,0,763.994,763.99,0,0,0,0,3,3,0,0,254.664666666667,0,254.664666666667,0
8112,20,11,"odd",24,"F",1.488,7,6.5,3.2,5.33333333333333,2,NA,NA,NA,4056,1,50,5,1,1,1813.005,1030.99,2844,0.64,0,0,7,5,12,0.58,259.000714285714,206.198,0.56,236.999583333333,4
8112,21,11,"odd",24,"F",1.488,7,6.5,3.2,5.33333333333333,2,NA,NA,NA,2812,26,50,8,1,1,766.989,1367.002,2133.99,0.36,0,1,4,4,8,0.5,191.74725,341.7505,0.36,266.748875,1
8112,22,11,"odd",24,"F",1.488,7,6.5,3.2,5.33333333333333,2,NA,NA,NA,2190,9,65,5,1,1,1199.002,433.984,1632.99,0.73,0,1,4,2,6,0.67,299.7505,216.992,0.58,272.164333333333,1
8112,23,11,"odd",24,"F",1.488,7,6.5,3.2,5.33333333333333,2,NA,NA,NA,2448,34,65,8,1,1,950.003,933.006,1883.01,0.5,0,0,5,3,8,0.62,190.0006,311.002,0.38,235.376125,2
8112,24,11,"odd",24,"F",1.488,7,6.5,3.2,5.33333333333333,2,NA,NA,NA,2338,19,65,11,1,1,916.993,580.992,1497.99,0.61,0,0,3,2,5,0.6,305.664333333333,290.496,0.51,299.597,2
8112,25,11,"odd",24,"F",1.488,7,6.5,3.2,5.33333333333333,2,NA,NA,NA,5369,14,80,5,1,1,1447.999,2944.999,4393,0.33,1,0,6,8,14,0.43,241.333166666667,368.124875,0.4,313.785571428571,3
8112,26,11,"odd",24,"F",1.488,7,6.5,3.2,5.33333333333333,2,NA,NA,NA,2848,2,80,8,1,1,765.005,616.001,1381.01,0.55,0,0,4,3,7,0.57,191.25125,205.333666666667,0.48,197.286571428571,2
8112,27,11,"odd",24,"F",1.488,7,6.5,3.2,5.33333333333333,2,NA,NA,NA,2943,27,80,11,1,1,649.998,1497.998,2148,0.3,0,0,3,6,9,0.33,216.666,249.666333333333,0.46,238.666222222222,2
8112,28,11,"odd",24,"F",1.488,7,6.5,3.2,5.33333333333333,2,NA,NA,NA,1761,8,80,14,1,1,199.987,416,615.99,0.32,0,1,1,1,2,0.5,199.987,416,0.32,307.9935,1
8112,29,11,"odd",24,"F",1.488,7,6.5,3.2,5.33333333333333,2,NA,NA,NA,1544,32,95,8,1,1,365.99,599.001,964.99,0.38,0,1,2,2,4,0.5,182.995,299.5005,0.38,241.24775,1
8112,3,11,"odd",24,"F",1.488,7,6.5,3.2,5.33333333333333,2,NA,NA,NA,1967,30,20,14,1,1,498.995,799.002,1298,0.38,0,0,2,4,6,0.33,249.4975,199.7505,0.56,216.332833333333,2
8112,30,11,"odd",24,"F",1.488,7,6.5,3.2,5.33333333333333,2,NA,NA,NA,1952,21,95,11,1,1,616.998,714.008,1331.01,0.46,0,1,3,3,6,0.5,205.666,238.002666666667,0.46,221.834333333333,1
8112,31,11,"odd",24,"F",1.488,7,6.5,3.2,5.33333333333333,2,NA,NA,NA,2798,17,95,14,1,1,1048.986,697.983,1746.97,0.6,0,0,4,4,8,0.5,262.2465,174.49575,0.6,218.371125,2
8112,32,11,"odd",24,"F",1.488,7,6.5,3.2,5.33333333333333,2,NA,NA,NA,1384,3,95,17,1,1,615.002,265.997,881,0.7,0,1,2,1,3,0.67,307.501,265.997,0.54,293.666333333333,1
8112,33,11,"odd",24,"F",1.488,7,6.5,3.2,5.33333333333333,2,NA,NA,NA,1380,25,110,11,1,1,416.001,298.983,714.98,0.58,0,1,2,2,4,0.5,208.0005,149.4915,0.58,178.746,1
8112,34,11,"odd",24,"F",1.488,7,6.5,3.2,5.33333333333333,2,NA,NA,NA,1183,7,110,14,1,1,400,317.004,717,0.56,0,1,2,2,4,0.5,200,158.502,0.56,179.251,1
8112,35,11,"odd",24,"F",1.488,7,6.5,3.2,5.33333333333333,2,NA,NA,NA,1931,33,110,17,1,1,400.998,882.01,1283.01,0.31,0,1,2,3,5,0.4,200.499,294.003333333333,0.41,256.6016,1
8112,36,11,"odd",24,"F",1.488,7,6.5,3.2,5.33333333333333,2,NA,NA,NA,2579,24,110,20,1,1,1231.002,698.996,1930,0.64,0,1,4,3,7,0.57,307.7505,232.998666666667,0.57,275.714,1
8112,4,11,"odd",24,"F",1.488,7,6.5,3.2,5.33333333333333,2,NA,NA,NA,1635,10,20,17,1,1,567.002,548.979,1115.98,0.51,0,0,2,3,5,0.4,283.501,182.993,0.61,223.1962,2
8112,5,11,"odd",24,"F",1.488,7,6.5,3.2,5.33333333333333,2,NA,NA,NA,1746,35,35,11,1,1,700.007,432,1132.01,0.62,0,1,3,1,4,0.75,233.335666666667,432,0.35,283.00175,1
8112,6,11,"odd",24,"F",1.488,7,6.5,3.2,5.33333333333333,2,NA,NA,NA,2570,20,35,14,1,1,1132.006,833.996,1966,0.58,0,0,4,3,7,0.57,283.0015,277.998666666667,0.5,280.857428571429,2
8112,7,11,"odd",24,"F",1.488,7,6.5,3.2,5.33333333333333,2,NA,NA,NA,1787,18,35,17,1,1,516.007,583.003,1099.01,0.47,0,1,1,3,4,0.25,516.007,194.334333333333,0.73,274.7525,1
8112,8,11,"odd",24,"F",1.488,7,6.5,3.2,5.33333333333333,2,NA,NA,NA,3250,4,35,20,1,1,1046.975,1281.01,2327.98,0.45,0,0,7,4,11,0.64,149.567857142857,320.2525,0.32,211.635,2
8112,9,11,"odd",24,"F",1.488,7,6.5,3.2,5.33333333333333,2,NA,NA,NA,1814,29,50,14,1,1,283.993,1063.002,1346.99,0.21,0,1,2,3,5,0.4,141.9965,354.334,0.29,269.399,1
8121,1,8,"even",23,"F",2.513,6.25,6.75,2,2.33333333333333,3,6,6,7,3020,28,20,8,1,2,583.999,880.998,1465,0.4,1,0,4,5,9,0.44,145.99975,176.1996,0.45,162.777444444444,3
8121,10,8,"even",23,"F",2.513,6.25,6.75,2,2.33333333333333,3,6,6,7,809,36,50,17,1,1,233.997,0,234,1,1,1,1,0,1,1,233.997,0,1,233.997,0
8121,11,8,"even",23,"F",2.513,6.25,6.75,2,2.33333333333333,3,6,6,7,1754,15,50,20,1,1,432.998,365.99,798.99,0.54,1,0,2,2,4,0.5,216.499,182.995,0.54,199.747,3
8121,12,8,"even",23,"F",2.513,6.25,6.75,2,2.33333333333333,3,6,6,7,6726,8,50,23,0,3,3111.002,1546.021,4657.02,0.67,1,0,12,6,18,0.67,259.250166666667,257.670166666667,0.5,258.7235,5
8121,13,8,"even",23,"F",2.513,6.25,6.75,2,2.33333333333333,3,6,6,7,4274,10,65,17,1,1,1647.013,1331.994,2979.01,0.55,1,0,7,6,13,0.54,235.287571428571,221.999,0.51,229.154384615384,5
8121,14,8,"even",23,"F",2.513,6.25,6.75,2,2.33333333333333,3,6,6,7,3818,3,65,20,1,2,2079.972,581.005000000001,2660.98,0.78,1,0,6,2,8,0.75,346.662,290.502500000001,0.54,332.622125,3
8121,15,8,"even",23,"F",2.513,6.25,6.75,2,2.33333333333333,3,6,6,7,2708,32,65,23,1,2,1713.986,184,1897.99,0.9,1,1,7,1,8,0.88,244.855142857143,184,0.57,237.24825,2
8121,16,8,"even",23,"F",2.513,6.25,6.75,2,2.33333333333333,3,6,6,7,3040,19,80,20,1,2,898.995,683.008,1582,0.57,1,1,5,3,8,0.62,179.799,227.669333333333,0.44,197.750375,4
8121,17,8,"even",23,"F",2.513,6.25,6.75,2,2.33333333333333,3,6,6,7,1759,13,80,23,1,1,914.995,198.989,1113.98,0.82,1,1,4,1,5,0.8,228.74875,198.989,0.53,222.7968,2
8121,18,8,"even",23,"F",2.513,6.25,6.75,2,2.33333333333333,3,6,6,7,3686,26,95,23,1,1,1247.973,1282.01,2529.98,0.49,1,0,5,5,10,0.5,249.5946,256.402,0.49,252.9983,3
8121,19,8,"even",23,"F",2.513,6.25,6.75,2,2.33333333333333,3,6,6,7,2193,29,35,5,1,1,816.012,601.011,1417.02,0.58,1,0,4,3,7,0.57,204.003,200.337,0.5,202.431857142857,3
8121,2,8,"even",23,"F",2.513,6.25,6.75,2,2.33333333333333,3,6,6,7,3107,5,20,11,1,2,1149.005,831.987,1980.99,0.58,1,1,6,4,10,0.6,191.500833333333,207.99675,0.48,198.0992,4
8121,20,8,"even",23,"F",2.513,6.25,6.75,2,2.33333333333333,3,6,6,7,2423,6,50,5,1,1,548.991,1099.995,1648.99,0.33,1,0,3,4,7,0.43,182.997,274.99875,0.4,235.569428571429,3
8121,21,8,"even",23,"F",2.513,6.25,6.75,2,2.33333333333333,3,6,6,7,2126,24,50,8,1,1,748.02,249.997,998.02,0.75,1,0,5,2,7,0.71,149.604,124.9985,0.54,142.573857142857,3
8121,22,8,"even",23,"F",2.513,6.25,6.75,2,2.33333333333333,3,6,6,7,2353,35,65,5,1,1,929.997,149.99,1079.99,0.86,1,1,5,1,6,0.83,185.9994,149.99,0.55,179.997833333333,2
8121,23,8,"even",23,"F",2.513,6.25,6.75,2,2.33333333333333,3,6,6,7,1400,17,65,8,1,1,565.006,0,565.01,1,1,1,3,0,3,1,188.335333333333,0,1,188.335333333333,0
8121,24,8,"even",23,"F",2.513,6.25,6.75,2,2.33333333333333,3,6,6,7,999,11,65,11,1,1,350.989,0,350.99,1,1,1,2,0,2,1,175.4945,0,1,175.4945,0
8121,25,8,"even",23,"F",2.513,6.25,6.75,2,2.33333333333333,3,6,6,7,1658,27,80,5,1,1,950.015,132.992,1083.01,0.88,1,1,5,1,6,0.83,190.003,132.992,0.59,180.501166666667,2
8121,26,8,"even",23,"F",2.513,6.25,6.75,2,2.33333333333333,3,6,6,7,1693,2,80,8,1,1,248.998,181.991,430.99,0.58,1,0,1,1,2,0.5,248.998,181.991,0.58,215.4945,1
8121,27,8,"even",23,"F",2.513,6.25,6.75,2,2.33333333333333,3,6,6,7,2507,23,80,11,1,1,898.023,450.01,1348.03,0.67,1,1,4,2,6,0.67,224.50575,225.005,0.5,224.672166666667,4
8121,28,8,"even",23,"F",2.513,6.25,6.75,2,2.33333333333333,3,6,6,7,3097,34,80,14,1,1,1148.98,400,1548.98,0.74,1,0,5,3,8,0.62,229.796,133.333333333333,0.63,193.6225,3
8121,29,8,"even",23,"F",2.513,6.25,6.75,2,2.33333333333333,3,6,6,7,1728,16,95,8,1,1,416.985,483.993,900.98,0.46,1,0,2,4,6,0.33,208.4925,120.99825,0.63,150.163,3
8121,3,8,"even",23,"F",2.513,6.25,6.75,2,2.33333333333333,3,6,6,7,6817,20,20,14,0,3,2729.984,2063.001,4792.99,0.57,1,1,11,10,21,0.52,248.180363636364,206.3001,0.55,228.237380952381,8
8121,30,8,"even",23,"F",2.513,6.25,6.75,2,2.33333333333333,3,6,6,7,1277,7,95,11,1,1,532.007,301.005,833.01,0.64,1,1,3,2,5,0.6,177.335666666667,150.5025,0.54,166.6024,2
8121,31,8,"even",23,"F",2.513,6.25,6.75,2,2.33333333333333,3,6,6,7,3172,25,95,14,1,1,714.011,998.004,1712.01,0.42,1,0,4,4,8,0.5,178.50275,249.501,0.42,214.001875,5
8121,32,8,"even",23,"F",2.513,6.25,6.75,2,2.33333333333333,3,6,6,7,1679,4,95,17,1,1,880.999,251.994,1132.99,0.78,1,1,5,2,7,0.71,176.1998,125.997,0.58,161.856142857143,2
8121,33,8,"even",23,"F",2.513,6.25,6.75,2,2.33333333333333,3,6,6,7,1575,22,110,11,1,1,882.994,149.005,1032,0.86,1,1,4,1,5,0.8,220.7485,149.005,0.6,206.3998,2
8121,34,8,"even",23,"F",2.513,6.25,6.75,2,2.33333333333333,3,6,6,7,1976,31,110,14,1,1,200,699.009,899.01,0.22,1,0,1,3,4,0.25,200,233.003,0.46,224.75225,1
8121,35,8,"even",23,"F",2.513,6.25,6.75,2,2.33333333333333,3,6,6,7,1767,18,110,17,1,1,849.009,150.004,999.01,0.85,1,1,4,1,5,0.8,212.25225,150.004,0.59,199.8026,2
8121,36,8,"even",23,"F",2.513,6.25,6.75,2,2.33333333333333,3,6,6,7,2458,9,110,20,1,1,881.984,550.005,1431.99,0.62,1,1,6,3,9,0.67,146.997333333333,183.335,0.44,159.109888888889,4
8121,4,8,"even",23,"F",2.513,6.25,6.75,2,2.33333333333333,3,6,6,7,4016,33,20,17,1,3,982.003,1695.987,2677.99,0.37,1,1,4,7,11,0.36,245.50075,242.283857142857,0.5,243.453636363636,4
8121,5,8,"even",23,"F",2.513,6.25,6.75,2,2.33333333333333,3,6,6,7,2751,14,35,11,1,2,1164.991,562.994,1727.99,0.67,1,1,5,3,8,0.62,232.9982,187.664666666667,0.55,215.998125,4
8121,6,8,"even",23,"F",2.513,6.25,6.75,2,2.33333333333333,3,6,6,7,1440,12,35,14,1,1,717.004,317.005,1034.01,0.69,1,0,4,2,6,0.67,179.251,158.5025,0.53,172.334833333333,1
8121,7,8,"even",23,"F",2.513,6.25,6.75,2,2.33333333333333,3,6,6,7,2030,30,35,17,1,1,631.998,0,632,1,1,1,3,0,3,1,210.666,0,1,210.666,0
8121,8,8,"even",23,"F",2.513,6.25,6.75,2,2.33333333333333,3,6,6,7,3444,1,35,20,1,2,1345.985,1250.023,2596.01,0.52,1,0,6,5,11,0.55,224.330833333333,250.0046,0.47,236.000727272727,3
8121,9,8,"even",23,"F",2.513,6.25,6.75,2,2.33333333333333,3,6,6,7,2296,21,50,14,1,1,448.998,265.985,714.98,0.63,1,0,2,2,4,0.5,224.499,132.9925,0.63,178.74575,3
8505,1,10,"even",23,"F",1.641,6,6.5,2.8,5.66666666666667,4,4,7,7,2580,19,20,8,0,2,964.02,765.005,1729.03,0.56,1,1,4,2,6,0.67,241.005,382.5025,0.39,288.170833333333,4
8505,10,10,"even",23,"F",1.641,6,6.5,2.8,5.66666666666667,4,4,7,7,3899,35,50,17,0,2,582.004,1680.987,2262.99,0.26,1,0,3,4,7,0.43,194.001333333333,420.24675,0.32,323.284428571429,3
8505,11,10,"even",23,"F",1.641,6,6.5,2.8,5.66666666666667,4,4,7,7,1527,26,50,20,0,2,533.991,448.999,982.99,0.54,1,0,2,3,5,0.4,266.9955,149.666333333333,0.64,196.598,3
8505,12,10,"even",23,"F",1.641,6,6.5,2.8,5.66666666666667,4,4,7,7,2518,12,50,23,0,1,684.006,868.992,1553,0.44,1,0,3,4,7,0.43,228.002,217.248,0.51,221.856857142857,5
8505,13,10,"even",23,"F",1.641,6,6.5,2.8,5.66666666666667,4,4,7,7,3880,7,65,17,0,3,1478.989,980.007,2459,0.6,1,0,5,4,9,0.56,295.7978,245.00175,0.55,273.221777777778,5
8505,14,10,"even",23,"F",1.641,6,6.5,2.8,5.66666666666667,4,4,7,7,10801,15,65,20,1,3,4792.029,3042.997,7835.03,0.61,1,1,16,11,27,0.59,299.5018125,276.636090909091,0.52,290.186148148148,14
8505,15,10,"even",23,"F",1.641,6,6.5,2.8,5.66666666666667,4,4,7,7,3016,34,65,23,0,2,885.006,1248.014,2133.02,0.41,1,0,6,4,10,0.6,147.501,312.0035,0.32,213.302,5
8505,16,10,"even",23,"F",1.641,6,6.5,2.8,5.66666666666667,4,4,7,7,3304,3,80,20,0,3,1348.006,1083.993,2432,0.55,1,0,4,4,8,0.5,337.0015,270.99825,0.55,303.999875,3
8505,17,10,"even",23,"F",1.641,6,6.5,2.8,5.66666666666667,4,4,7,7,4370,30,80,23,0,3,1046.003,2246.004,3292.01,0.32,1,0,4,7,11,0.36,261.50075,320.857714285714,0.45,299.273363636364,7
8505,18,10,"even",23,"F",1.641,6,6.5,2.8,5.66666666666667,4,4,7,7,3349,22,95,23,1,3,565.005,815.002,1380.01,0.41,1,1,3,4,7,0.43,188.335,203.7505,0.48,197.143857142857,4
8505,19,10,"even",23,"F",1.641,6,6.5,2.8,5.66666666666667,4,4,7,7,1540,24,35,5,1,1,548.993,232.998,781.99,0.7,1,1,2,1,3,0.67,274.4965,232.998,0.54,260.663666666667,2
8505,2,10,"even",23,"F",1.641,6,6.5,2.8,5.66666666666667,4,4,7,7,3258,17,20,11,0,1,1230.989,1081.011,2312,0.53,1,0,4,5,9,0.44,307.74725,216.2022,0.59,256.888888888889,5
8505,20,10,"even",23,"F",1.641,6,6.5,2.8,5.66666666666667,4,4,7,7,1841,16,50,5,1,1,448.999,281.997,731,0.61,1,1,3,2,5,0.6,149.666333333333,140.9985,0.51,146.1992,2
8505,21,10,"even",23,"F",1.641,6,6.5,2.8,5.66666666666667,4,4,7,7,3202,2,50,8,1,1,1197.99,382.004,1579.99,0.76,1,1,3,2,5,0.6,399.33,191.002,0.68,315.9988,4
8505,22,10,"even",23,"F",1.641,6,6.5,2.8,5.66666666666667,4,4,7,7,1172,33,65,5,1,1,283.008,349.005,632.01,0.45,1,0,1,2,3,0.33,283.008,174.5025,0.62,210.671,1
8505,23,10,"even",23,"F",1.641,6,6.5,2.8,5.66666666666667,4,4,7,7,1593,25,65,8,1,1,598.989,400,998.99,0.6,1,0,3,2,5,0.6,199.663,200,0.5,199.7978,3
8505,24,10,"even",23,"F",1.641,6,6.5,2.8,5.66666666666667,4,4,7,7,3656,11,65,11,0,3,1446.017,915.009,2361.03,0.61,1,0,6,4,10,0.6,241.002833333333,228.75225,0.51,236.1026,5
8505,25,10,"even",23,"F",1.641,6,6.5,2.8,5.66666666666667,4,4,7,7,2410,21,80,5,1,1,1296.998,264.999,1562,0.83,1,0,4,2,6,0.67,324.2495,132.4995,0.71,260.332833333333,3
8505,26,10,"even",23,"F",1.641,6,6.5,2.8,5.66666666666667,4,4,7,7,2143,18,80,8,1,1,782.003,282.01,1064.01,0.73,1,1,3,2,5,0.6,260.667666666667,141.005,0.65,212.8026,2
8505,27,10,"even",23,"F",1.641,6,6.5,2.8,5.66666666666667,4,4,7,7,4249,5,80,11,1,3,1632,1497.011,3129.01,0.52,1,1,6,6,12,0.5,272,249.501833333333,0.52,260.750916666667,6
8505,28,10,"even",23,"F",1.641,6,6.5,2.8,5.66666666666667,4,4,7,7,3233,36,80,14,1,2,716.992,1064.985,1781.98,0.4,1,0,3,4,7,0.43,238.997333333333,266.24625,0.47,254.568142857143,5
8505,29,10,"even",23,"F",1.641,6,6.5,2.8,5.66666666666667,4,4,7,7,1367,27,95,8,1,1,599.001,183.002,782,0.77,1,1,2,1,3,0.67,299.5005,183.002,0.62,260.667666666667,2
8505,3,10,"even",23,"F",1.641,6,6.5,2.8,5.66666666666667,4,4,7,7,4050,6,20,14,0,1,1832.025,714.995,2547.02,0.72,1,1,5,2,7,0.71,366.405,357.4975,0.51,363.86,4
8505,30,10,"even",23,"F",1.641,6,6.5,2.8,5.66666666666667,4,4,7,7,2609,9,95,11,1,1,896.999,832.998,1730,0.52,1,1,4,3,7,0.57,224.24975,277.666,0.45,247.142428571429,4
8505,31,10,"even",23,"F",1.641,6,6.5,2.8,5.66666666666667,4,4,7,7,3210,23,95,14,1,2,1082.996,831.014,1914.01,0.57,1,1,4,4,8,0.5,270.749,207.7535,0.57,239.25125,4
8505,32,10,"even",23,"F",1.641,6,6.5,2.8,5.66666666666667,4,4,7,7,6945,14,95,17,0,3,3116.02,1333.005,4449.02,0.7,1,1,12,6,18,0.67,259.668333333333,222.1675,0.54,247.168055555556,8
8505,33,10,"even",23,"F",1.641,6,6.5,2.8,5.66666666666667,4,4,7,7,4014,1,110,11,0,2,1131.008,913.997,2045.01,0.55,1,0,4,4,8,0.5,282.752,228.49925,0.55,255.625625,5
8505,34,10,"even",23,"F",1.641,6,6.5,2.8,5.66666666666667,4,4,7,7,1646,32,110,14,1,2,532.02,367.002,899.02,0.59,1,0,2,2,4,0.5,266.01,183.501,0.59,224.7555,3
8505,35,10,"even",23,"F",1.641,6,6.5,2.8,5.66666666666667,4,4,7,7,2700,28,110,17,1,2,548.992,883.008,1432,0.38,1,0,2,3,5,0.4,274.496,294.336,0.48,286.4,3
8505,36,10,"even",23,"F",1.641,6,6.5,2.8,5.66666666666667,4,4,7,7,8215,10,110,20,0,3,3895.002,2346.009,6241.01,0.62,1,1,11,7,18,0.61,354.091090909091,335.144142857143,0.51,346.722833333333,8
8505,4,10,"even",23,"F",1.641,6,6.5,2.8,5.66666666666667,4,4,7,7,1529,31,20,17,0,1,732.007,183.002,915.01,0.8,1,1,3,1,4,0.75,244.002333333333,183.002,0.57,228.75225,2
8505,5,10,"even",23,"F",1.641,6,6.5,2.8,5.66666666666667,4,4,7,7,4342,29,35,11,0,2,2079.015,1264,3343.01,0.62,1,1,7,4,11,0.64,297.002142857143,316,0.48,303.910454545454,6
8505,6,10,"even",23,"F",1.641,6,6.5,2.8,5.66666666666667,4,4,7,7,2496,8,35,14,0,2,1065.996,698.97,1764.97,0.6,1,1,4,3,7,0.57,266.499,232.99,0.53,252.138,4
8505,7,10,"even",23,"F",1.641,6,6.5,2.8,5.66666666666667,4,4,7,7,1760,20,35,17,0,2,680.999,264.999,946,0.72,1,1,2,2,4,0.5,340.4995,132.4995,0.72,236.4995,2
8505,8,10,"even",23,"F",1.641,6,6.5,2.8,5.66666666666667,4,4,7,7,2386,13,35,20,0,1,931.994,615.001,1546.99,0.6,1,1,5,3,8,0.62,186.3988,205.000333333333,0.48,193.374375,4
8505,9,10,"even",23,"F",1.641,6,6.5,2.8,5.66666666666667,4,4,7,7,2687,4,50,14,0,2,901.003,930.995,1832,0.49,1,1,4,2,6,0.67,225.25075,465.4975,0.33,305.333,4
8578,1,10,"even",21,"F",2.963,5.75,6.5,1.2,4.66666666666667,2,4,7,7,2425,25,20,8,1,2,897.972,183.001,1080.97,0.83,1,1,5,1,6,0.83,179.5944,183.001,0.5,180.162166666667,2
8578,10,10,"even",21,"F",2.963,5.75,6.5,1.2,4.66666666666667,2,4,7,7,522,2,50,17,1,1,167.002,0,167,1,1,1,1,0,1,1,167.002,0,1,167.002,0
8578,11,10,"even",21,"F",2.963,5.75,6.5,1.2,4.66666666666667,2,4,7,7,603,33,50,20,1,1,150.003,0,150,1,1,1,1,0,1,1,150.003,0,1,150.003,0
8578,12,10,"even",21,"F",2.963,5.75,6.5,1.2,4.66666666666667,2,4,7,7,5006,17,50,23,0,3,1630.986,1315.02,2946.01,0.55,1,0,8,6,14,0.57,203.87325,219.17,0.48,210.429,5
8578,13,10,"even",21,"F",2.963,5.75,6.5,1.2,4.66666666666667,2,4,7,7,1539,13,65,17,1,1,667.009,232.998,900.01,0.74,1,1,3,1,4,0.75,222.336333333333,232.998,0.49,225.00175,2
8578,14,10,"even",21,"F",2.963,5.75,6.5,1.2,4.66666666666667,2,4,7,7,1303,19,65,20,1,2,481.995,200,682,0.71,1,1,3,1,4,0.75,160.665,200,0.45,170.49875,2
8578,15,10,"even",21,"F",2.963,5.75,6.5,1.2,4.66666666666667,2,4,7,7,794,3,65,23,1,1,100.006,150.004,250.01,0.4,1,0,1,1,2,0.5,100.006,150.004,0.4,125.005,1
8578,16,10,"even",21,"F",2.963,5.75,6.5,1.2,4.66666666666667,2,4,7,7,2276,10,80,20,1,1,714.994,599.015,1314.01,0.54,1,1,4,4,8,0.5,178.7485,149.75375,0.54,164.251125,4
8578,17,10,"even",21,"F",2.963,5.75,6.5,1.2,4.66666666666667,2,4,7,7,883,36,80,23,1,1,115.994,266.995,382.99,0.3,1,0,1,2,3,0.33,115.994,133.4975,0.46,127.663,1
8578,18,10,"even",21,"F",2.963,5.75,6.5,1.2,4.66666666666667,2,4,7,7,1730,26,95,23,1,2,782.004,132.992,915,0.85,1,1,3,1,4,0.75,260.668,132.992,0.66,228.749,2
8578,19,10,"even",21,"F",2.963,5.75,6.5,1.2,4.66666666666667,2,4,7,7,721,29,35,5,1,1,183.001,150.003,333,0.55,1,0,1,1,2,0.5,183.001,150.003,0.55,166.502,1
8578,2,10,"even",21,"F",2.963,5.75,6.5,1.2,4.66666666666667,2,4,7,7,6978,21,20,11,0,3,3310.985,1630.004,4940.99,0.67,1,1,14,9,23,0.61,236.498928571428,181.111555555556,0.57,214.825608695652,8
8578,20,10,"even",21,"F",2.963,5.75,6.5,1.2,4.66666666666667,2,4,7,7,1079,22,50,5,1,1,117.005,232.013,349.02,0.34,1,0,1,1,2,0.5,117.005,232.013,0.34,174.509,1
8578,21,10,"even",21,"F",2.963,5.75,6.5,1.2,4.66666666666667,2,4,7,7,1560,9,50,8,1,1,648.999,216,865,0.75,1,1,3,1,4,0.75,216.333,216,0.5,216.24975,2
8578,22,10,"even",21,"F",2.963,5.75,6.5,1.2,4.66666666666667,2,4,7,7,1442,5,65,5,1,1,615.003,232.998,848,0.73,1,1,3,2,5,0.6,205.001,116.499,0.64,169.6002,2
8578,23,10,"even",21,"F",2.963,5.75,6.5,1.2,4.66666666666667,2,4,7,7,700,35,65,8,1,1,116.006,167.002,283.01,0.41,1,0,1,1,2,0.5,116.006,167.002,0.41,141.504,1
8578,24,10,"even",21,"F",2.963,5.75,6.5,1.2,4.66666666666667,2,4,7,7,962,15,65,11,1,1,265.997,148.992,414.99,0.64,1,0,2,1,3,0.67,132.9985,148.992,0.47,138.329666666667,1
8578,25,10,"even",21,"F",2.963,5.75,6.5,1.2,4.66666666666667,2,4,7,7,846,27,80,5,1,1,184,216,400,0.46,1,0,1,1,2,0.5,184,216,0.46,200,1
8578,26,10,"even",21,"F",2.963,5.75,6.5,1.2,4.66666666666667,2,4,7,7,897,24,80,8,1,1,133.005,248.999,382,0.35,1,0,1,1,2,0.5,133.005,248.999,0.35,191.002,1
8578,27,10,"even",21,"F",2.963,5.75,6.5,1.2,4.66666666666667,2,4,7,7,1026,12,80,11,1,1,232.998,315.008,548.01,0.43,1,0,1,2,3,0.33,232.998,157.504,0.6,182.668666666667,1
8578,28,10,"even",21,"F",2.963,5.75,6.5,1.2,4.66666666666667,2,4,7,7,1187,6,80,14,1,1,414.988,149.99,564.98,0.73,1,0,2,1,3,0.67,207.494,149.99,0.58,188.326,1
8578,29,10,"even",21,"F",2.963,5.75,6.5,1.2,4.66666666666667,2,4,7,7,778,31,95,8,1,1,200,199.002,399,0.5,1,0,1,1,2,0.5,200,199.002,0.5,199.501,1
8578,3,10,"even",21,"F",2.963,5.75,6.5,1.2,4.66666666666667,2,4,7,7,3050,7,20,14,0,2,466.009,1180.993,1647,0.28,0,0,3,5,8,0.38,155.336333333333,236.1986,0.4,205.87525,2
8578,30,10,"even",21,"F",2.963,5.75,6.5,1.2,4.66666666666667,2,4,7,7,1518,18,95,11,1,1,597.019,299.994,897.01,0.67,1,1,3,1,4,0.75,199.006333333333,299.994,0.4,224.25325,2
8578,31,10,"even",21,"F",2.963,5.75,6.5,1.2,4.66666666666667,2,4,7,7,914,28,95,14,1,1,150.004,150.003,300.01,0.5,1,0,1,1,2,0.5,150.004,150.003,0.5,150.0035,1
8578,32,10,"even",21,"F",2.963,5.75,6.5,1.2,4.66666666666667,2,4,7,7,1490,23,95,17,1,1,416,133.005,549,0.76,1,1,2,1,3,0.67,208,133.005,0.61,183.001666666667,2
8578,33,10,"even",21,"F",2.963,5.75,6.5,1.2,4.66666666666667,2,4,7,7,1210,11,110,11,1,1,449.01,232.001,681.01,0.66,1,1,3,2,5,0.6,149.67,116.0005,0.56,136.2022,2
8578,34,10,"even",21,"F",2.963,5.75,6.5,1.2,4.66666666666667,2,4,7,7,1072,1,110,14,1,1,200,265.996,466,0.43,1,0,1,2,3,0.33,200,132.998,0.6,155.332,1
8578,35,10,"even",21,"F",2.963,5.75,6.5,1.2,4.66666666666667,2,4,7,7,1228,32,110,17,1,1,364.992,100.007,465,0.78,1,1,2,1,3,0.67,182.496,100.007,0.65,154.999666666667,2
8578,36,10,"even",21,"F",2.963,5.75,6.5,1.2,4.66666666666667,2,4,7,7,881,14,110,20,1,1,249.997,132.007,382,0.65,1,0,1,1,2,0.5,249.997,132.007,0.65,191.002,1
8578,5,10,"even",21,"F",2.963,5.75,6.5,1.2,4.66666666666667,2,4,7,7,758,34,35,11,1,1,117.005,200,317,0.37,1,0,1,1,2,0.5,117.005,200,0.37,158.5025,1
8578,6,10,"even",21,"F",2.963,5.75,6.5,1.2,4.66666666666667,2,4,7,7,3184,16,35,14,1,1,798.015,815.001,1613.02,0.49,1,0,5,5,10,0.5,159.603,163.0002,0.49,161.3016,5
8578,7,10,"even",21,"F",2.963,5.75,6.5,1.2,4.66666666666667,2,4,7,7,2743,30,35,17,0,3,517.005,898.008,1415.01,0.37,1,0,3,4,7,0.43,172.335,224.502,0.43,202.144714285714,3
8578,8,10,"even",21,"F",2.963,5.75,6.5,1.2,4.66666666666667,2,4,7,7,1651,20,35,20,0,2,367.002,217.011,584.01,0.63,1,1,2,1,3,0.67,183.501,217.011,0.46,194.671,2
8578,9,10,"even",21,"F",2.963,5.75,6.5,1.2,4.66666666666667,2,4,7,7,1578,8,50,14,1,1,518.003,249.011,767.01,0.68,1,1,2,2,4,0.5,259.0015,124.5055,0.68,191.7535,2
8650,1,8,"even",23,"M",0.127,4.5,5.25,4.2,5.66666666666667,3,NA,NA,NA,6944,9,20,8,1,1,3495.013,849.983,4345,0.8,1,1,12,3,15,0.8,291.251083333333,283.327666666667,0.51,289.6664,6
8650,10,8,"even",23,"M",0.127,4.5,5.25,4.2,5.66666666666667,3,NA,NA,NA,12343,23,50,17,1,3,5292.979,3743.97600000001,9036.96,0.59,1,1,21,16,37,0.57,252.046619047619,233.9985,0.52,244.242027027027,14
8650,11,8,"even",23,"M",0.127,4.5,5.25,4.2,5.66666666666667,3,NA,NA,NA,5565,31,50,20,0,2,2527.001,1114.983,3641.98,0.69,1,1,7,5,12,0.58,361.000142857143,222.9966,0.62,303.498666666667,8
8650,12,8,"even",23,"M",0.127,4.5,5.25,4.2,5.66666666666667,3,NA,NA,NA,3800,5,50,23,0,2,2027.007,316.992,2344,0.86,1,1,9,2,11,0.82,225.223,158.496,0.59,213.090818181818,4
8650,13,8,"even",23,"M",0.127,4.5,5.25,4.2,5.66666666666667,3,NA,NA,NA,11454,6,65,17,0,3,7472.038,1581.045,9053.08,0.83,1,1,21,8,29,0.72,355.811333333333,197.630625,0.64,312.175275862069,10
8650,14,8,"even",23,"M",0.127,4.5,5.25,4.2,5.66666666666667,3,NA,NA,NA,6890,29,65,20,0,2,4059.67266666666,1213.005,5272.68,0.77,1,1,15,7,22,0.68,270.644844444444,173.286428571429,0.61,239.667166666667,8
8650,15,8,"even",23,"M",0.127,4.5,5.25,4.2,5.66666666666667,3,NA,NA,NA,6022,22,65,23,0,2,1744.999,2316.019,4061.02,0.43,1,0,8,9,17,0.47,218.124875,257.335444444445,0.46,238.883411764706,9
8650,16,8,"even",23,"M",0.127,4.5,5.25,4.2,5.66666666666667,3,NA,NA,NA,6171,13,80,20,0,3,2981.005,1595.981,4576.99,0.65,1,1,11,9,20,0.55,271.000454545455,177.331222222222,0.6,228.8493,10
8650,17,8,"even",23,"M",0.127,4.5,5.25,4.2,5.66666666666667,3,NA,NA,NA,8626,35,80,23,0,3,4890.984,2113.998,7004.98,0.7,1,0,13,9,22,0.59,376.229538461539,234.888666666667,0.62,318.408272727273,9
8650,18,8,"even",23,"M",0.127,4.5,5.25,4.2,5.66666666666667,3,NA,NA,NA,15000,12,95,23,0,3,9078.65566666666,2231.027,11309.68,0.8,1,1,27,13,40,0.68,336.246506172839,171.617461538462,0.66,282.742066666667,14
8650,19,8,"even",23,"M",0.127,4.5,5.25,4.2,5.66666666666667,3,NA,NA,NA,2996,11,35,5,1,1,1693.005,232,1925,0.88,1,1,6,2,8,0.75,282.1675,116,0.71,240.625625,4
8650,2,8,"even",23,"M",0.127,4.5,5.25,4.2,5.66666666666667,3,NA,NA,NA,3935,26,20,11,1,1,1399.026,449.997,1849.02,0.76,1,1,7,3,10,0.7,199.860857142857,149.999,0.57,184.9023,6
8650,20,8,"even",23,"M",0.127,4.5,5.25,4.2,5.66666666666667,3,NA,NA,NA,2101,28,50,5,1,1,897.011,366.003,1263.01,0.71,1,1,4,3,7,0.57,224.25275,122.001,0.65,180.430571428571,4
8650,21,8,"even",23,"M",0.127,4.5,5.25,4.2,5.66666666666667,3,NA,NA,NA,1271,18,50,8,1,1,601.012,233.984,835,0.72,1,1,2,2,4,0.5,300.506,116.992,0.72,208.749,2
8650,22,8,"even",23,"M",0.127,4.5,5.25,4.2,5.66666666666667,3,NA,NA,NA,3825,21,65,5,1,1,1861.004,617.013,2478.02,0.75,1,1,8,4,12,0.67,232.6255,154.25325,0.6,206.501416666667,6
8650,23,8,"even",23,"M",0.127,4.5,5.25,4.2,5.66666666666667,3,NA,NA,NA,1160,33,65,8,1,1,301.004,133.004,434.01,0.69,0,1,2,1,3,0.67,150.502,133.004,0.53,144.669333333333,1
8650,24,8,"even",23,"M",0.127,4.5,5.25,4.2,5.66666666666667,3,NA,NA,NA,4735,1,65,11,1,1,2111.998,1015.003,3127,0.68,1,1,5,4,9,0.56,422.3996,253.75075,0.62,347.444555555555,4
8650,25,8,"even",23,"M",0.127,4.5,5.25,4.2,5.66666666666667,3,NA,NA,NA,2303,8,80,5,1,1,1515.994,200,1715.99,0.88,1,1,6,1,7,0.86,252.665666666667,200,0.56,245.142,2
8650,26,8,"even",23,"M",0.127,4.5,5.25,4.2,5.66666666666667,3,NA,NA,NA,2727,25,80,8,1,1,965.004,534.004,1499.01,0.64,1,1,4,4,8,0.5,241.251,133.501,0.64,187.376,4
8650,27,8,"even",23,"M",0.127,4.5,5.25,4.2,5.66666666666667,3,NA,NA,NA,2483,15,80,11,1,1,782.992,449.013,1232,0.64,1,1,5,3,8,0.62,156.5984,149.671,0.51,154.000625,4
8650,28,8,"even",23,"M",0.127,4.5,5.25,4.2,5.66666666666667,3,NA,NA,NA,2819,24,80,14,1,1,516.007,633.998,1150.01,0.45,0,0,2,4,6,0.33,258.0035,158.4995,0.62,191.6675,4
8650,29,8,"even",23,"M",0.127,4.5,5.25,4.2,5.66666666666667,3,NA,NA,NA,3942,36,95,8,1,1,852.019,299.995,1152.01,0.74,1,0,5,2,7,0.71,170.4038,149.9975,0.53,164.573428571429,3
8650,3,8,"even",23,"M",0.127,4.5,5.25,4.2,5.66666666666667,3,NA,NA,NA,2654,16,20,14,0,2,1129.996,500.005,1630,0.69,1,1,3,3,6,0.5,376.665333333333,166.668333333333,0.69,271.666833333333,4
8650,30,8,"even",23,"M",0.127,4.5,5.25,4.2,5.66666666666667,3,NA,NA,NA,2423,4,95,11,1,1,632.984,866.995,1499.98,0.42,1,1,3,4,7,0.43,210.994666666667,216.74875,0.49,214.282714285714,4
8650,31,8,"even",23,"M",0.127,4.5,5.25,4.2,5.66666666666667,3,NA,NA,NA,3082,10,95,14,1,1,1731.008,133.005,1864.01,0.93,1,1,6,1,7,0.86,288.501333333333,133.005,0.68,266.287571428571,2
8650,32,8,"even",23,"M",0.127,4.5,5.25,4.2,5.66666666666667,3,NA,NA,NA,5977,30,95,17,1,2,1846.002,1812.992,3658.99,0.5,1,1,8,8,16,0.5,230.75025,226.624,0.5,228.687125,6
8650,33,8,"even",23,"M",0.127,4.5,5.25,4.2,5.66666666666667,3,NA,NA,NA,1553,14,110,11,1,1,816.014,149.005,965.02,0.85,1,1,3,1,4,0.75,272.004666666667,149.005,0.65,241.25475,2
8650,34,8,"even",23,"M",0.127,4.5,5.25,4.2,5.66666666666667,3,NA,NA,NA,1529,20,110,14,1,1,432.998,415.001,848,0.51,1,0,2,2,4,0.5,216.499,207.5005,0.51,211.99975,3
8650,35,8,"even",23,"M",0.127,4.5,5.25,4.2,5.66666666666667,3,NA,NA,NA,1638,34,110,17,1,1,500.007,481.998,982,0.51,1,0,2,2,4,0.5,250.0035,240.999,0.51,245.50125,3
8650,36,8,"even",23,"M",0.127,4.5,5.25,4.2,5.66666666666667,3,NA,NA,NA,5838,2,110,20,1,2,4427.994,117.004,4545,0.97,1,1,12,1,13,0.92,368.9995,117.004,0.76,349.615230769231,2
8650,4,8,"even",23,"M",0.127,4.5,5.25,4.2,5.66666666666667,3,NA,NA,NA,2531,19,20,17,0,1,948.007,582.015,1530.02,0.62,1,1,5,3,8,0.62,189.6014,194.005,0.49,191.25275,4
8650,5,8,"even",23,"M",0.127,4.5,5.25,4.2,5.66666666666667,3,NA,NA,NA,6297,32,35,11,1,1,4892.017,115.008,5007.02,0.98,0,1,8,1,9,0.89,611.502125,115.008,0.84,556.336111111111,1
8650,6,8,"even",23,"M",0.127,4.5,5.25,4.2,5.66666666666667,3,NA,NA,NA,2320,3,35,14,0,1,1329.984,233.997,1563.98,0.85,1,1,3,1,4,0.75,443.328,233.997,0.65,390.99525,2
8650,7,8,"even",23,"M",0.127,4.5,5.25,4.2,5.66666666666667,3,NA,NA,NA,2591,7,35,17,0,2,931.995,664.973,1596.97,0.58,1,1,5,3,8,0.62,186.399,221.657666666667,0.46,199.621,4
8650,8,8,"even",23,"M",0.127,4.5,5.25,4.2,5.66666666666667,3,NA,NA,NA,3766,27,35,20,0,1,1811.994,685.005,2497,0.73,1,1,8,4,12,0.67,226.49925,171.25125,0.57,208.08325,6
8650,9,8,"even",23,"M",0.127,4.5,5.25,4.2,5.66666666666667,3,NA,NA,NA,2979,17,50,14,1,1,1498.995,480.998,1979.99,0.76,1,1,6,4,10,0.6,249.8325,120.2495,0.68,197.9993,4
9150,1,11,"odd",21,"M",0.05,1.5,6.75,3.4,6,4,NA,NA,NA,1376,18,20,8,0,1,183.002,699.993,882.99,0.21,0,0,1,3,4,0.25,183.002,233.331,0.44,220.74875,2
9150,10,11,"odd",21,"M",0.05,1.5,6.75,3.4,6,4,NA,NA,NA,1278,2,50,17,0,1,716.992,167.001,883.99,0.81,0,1,2,1,3,0.67,358.496,167.001,0.68,294.664333333333,1
9150,11,11,"odd",21,"M",0.05,1.5,6.75,3.4,6,4,NA,NA,NA,1371,23,50,20,0,1,150.003,948.992,1098.99,0.14,0,0,1,4,5,0.2,150.003,237.248,0.39,219.799,2
9150,12,11,"odd",21,"M",0.05,1.5,6.75,3.4,6,4,NA,NA,NA,3468,12,50,23,0,1,1914.009,998.004,2912.01,0.66,0,1,5,3,8,0.62,382.8018,332.668,0.54,364.001625,3
9150,13,11,"odd",21,"M",0.05,1.5,6.75,3.4,6,4,NA,NA,NA,4186,10,65,17,0,2,0,764.992,764.99,0,0,0,0,2,2,0,0,382.496,0,382.496,0
9150,14,11,"odd",21,"M",0.05,1.5,6.75,3.4,6,4,NA,NA,NA,1292,26,65,20,0,2,118.003,465.011,583.01,0.2,0,0,1,2,3,0.33,118.003,232.5055,0.34,194.338,2
9150,15,11,"odd",21,"M",0.05,1.5,6.75,3.4,6,4,NA,NA,NA,1633,4,65,23,0,2,0,1481.998,1482,0,0,0,0,4,4,0,0,370.4995,0,370.4995,0
9150,16,11,"odd",21,"M",0.05,1.5,6.75,3.4,6,4,NA,NA,NA,3408,32,80,20,0,2,232.998,2763.992,2996.99,0.08,0,0,1,8,9,0.11,232.998,345.499,0.4,332.998888888889,2
9150,17,11,"odd",21,"M",0.05,1.5,6.75,3.4,6,4,NA,NA,NA,2265,24,80,23,0,2,315.98,1532.008,1847.99,0.17,0,0,2,6,8,0.25,157.99,255.334666666667,0.38,230.9985,2
9150,18,11,"odd",21,"M",0.05,1.5,6.75,3.4,6,4,NA,NA,NA,2946,16,95,23,0,2,283.008,2330.021,2613.03,0.11,0,0,2,5,7,0.29,141.504,466.0042,0.23,373.289857142857,2
9150,19,11,"odd",21,"M",0.05,1.5,6.75,3.4,6,4,NA,NA,NA,1849,15,35,5,0,2,100.007,1280,1380.01,0.07,0,0,1,4,5,0.2,100.007,320,0.24,276.0014,2
9150,2,11,"odd",21,"M",0.05,1.5,6.75,3.4,6,4,NA,NA,NA,1843,28,20,11,0,1,133.005,1282.995,1416,0.09,0,0,1,5,6,0.17,133.005,256.599,0.34,236,2
9150,20,11,"odd",21,"M",0.05,1.5,6.75,3.4,6,4,NA,NA,NA,3803,27,50,5,0,3,316.006,2330.008,2646.01,0.12,0,0,2,8,10,0.2,158.003,291.251,0.35,264.6014,4
9150,21,11,"odd",21,"M",0.05,1.5,6.75,3.4,6,4,NA,NA,NA,1670,31,50,8,0,1,249.997,983.999,1234,0.2,0,0,1,3,4,0.25,249.997,327.999666666667,0.43,308.499,2
9150,22,11,"odd",21,"M",0.05,1.5,6.75,3.4,6,4,NA,NA,NA,1292,1,65,5,0,1,0,950.004,950,0,0,0,0,3,3,0,0,316.668,0,316.668,0
9150,23,11,"odd",21,"M",0.05,1.5,6.75,3.4,6,4,NA,NA,NA,2647,19,65,8,0,2,947.008,1183.002,2130.01,0.44,0,0,4,3,7,0.57,236.752,394.334,0.38,304.287142857143,2
9150,24,11,"odd",21,"M",0.05,1.5,6.75,3.4,6,4,NA,NA,NA,1439,7,65,11,0,1,0,1050.009,1050.01,0,0,0,0,2,2,0,0,525.0045,0,525.0045,0
9150,25,11,"odd",21,"M",0.05,1.5,6.75,3.4,6,4,NA,NA,NA,2445,14,80,5,0,3,200,1084.006,1284.01,0.16,0,0,1,5,6,0.17,200,216.8012,0.48,214.001,2
9150,26,11,"odd",21,"M",0.05,1.5,6.75,3.4,6,4,NA,NA,NA,5050,29,80,8,0,2,500.007,3873.997,4374,0.11,0,0,2,10,12,0.17,250.0035,387.3997,0.39,364.500333333333,4
9150,27,11,"odd",21,"M",0.05,1.5,6.75,3.4,6,4,NA,NA,NA,2426,35,80,11,0,3,216,1731.009,1947.01,0.11,0,0,1,5,6,0.17,216,346.2018,0.38,324.5015,2
9150,28,11,"odd",21,"M",0.05,1.5,6.75,3.4,6,4,NA,NA,NA,1210,6,80,14,0,2,332.006,284.006,616.01,0.54,0,1,2,1,3,0.67,166.003,284.006,0.37,205.337333333333,1
9150,29,11,"odd",21,"M",0.05,1.5,6.75,3.4,6,4,NA,NA,NA,3682,20,95,8,0,3,2132.007,952.013,3084.02,0.69,0,0,6,4,10,0.6,355.3345,238.00325,0.6,308.402,2
9150,3,11,"odd",21,"M",0.05,1.5,6.75,3.4,6,4,NA,NA,NA,4396,34,20,14,0,2,150.003,3193.998,3344,0.04,0,0,1,11,12,0.08,150.003,290.363454545455,0.34,278.66675,2
9150,30,11,"odd",21,"M",0.05,1.5,6.75,3.4,6,4,NA,NA,NA,2193,11,95,11,0,1,114.995,981.017,1096.01,0.1,0,0,1,5,6,0.17,114.995,196.2034,0.37,182.668666666667,2
9150,31,11,"odd",21,"M",0.05,1.5,6.75,3.4,6,4,NA,NA,NA,2781,13,95,14,0,3,265.996,1763.993,2029.99,0.13,0,0,1,6,7,0.14,265.996,293.998833333333,0.47,289.998428571429,2
9150,32,11,"odd",21,"M",0.05,1.5,6.75,3.4,6,4,NA,NA,NA,5079,30,95,17,0,2,651.008,3047.013,3698.02,0.18,0,0,4,10,14,0.29,162.752,304.7013,0.35,264.144357142857,6
9150,33,11,"odd",21,"M",0.05,1.5,6.75,3.4,6,4,NA,NA,NA,2377,33,110,11,0,3,764.993,1165.99,1930.98,0.4,0,0,2,3,5,0.4,382.4965,388.663333333333,0.5,386.1966,2
9150,34,11,"odd",21,"M",0.05,1.5,6.75,3.4,6,4,NA,NA,NA,1122,3,110,14,0,1,0,764.992,764.99,0,0,0,0,2,2,0,0,382.496,0,382.496,0
9150,35,11,"odd",21,"M",0.05,1.5,6.75,3.4,6,4,NA,NA,NA,2414,22,110,17,0,2,216.998,1496.985,1713.98,0.13,0,0,1,4,5,0.2,216.998,374.24625,0.37,342.7966,2
9150,36,11,"odd",21,"M",0.05,1.5,6.75,3.4,6,4,NA,NA,NA,1993,9,110,20,0,3,648.986,199.002,847.99,0.77,0,1,2,1,3,0.67,324.493,199.002,0.62,282.662666666667,1
9150,4,11,"odd",21,"M",0.05,1.5,6.75,3.4,6,4,NA,NA,NA,1159,5,20,17,0,1,184,450.01,634.01,0.29,0,0,1,2,3,0.33,184,225.005,0.45,211.336666666667,2
9150,5,11,"odd",21,"M",0.05,1.5,6.75,3.4,6,4,NA,NA,NA,3254,21,35,11,0,1,1796.007,730.996,2527,0.71,0,0,7,4,11,0.64,256.572428571429,182.749,0.58,229.727545454545,2
9150,6,11,"odd",21,"M",0.05,1.5,6.75,3.4,6,4,NA,NA,NA,1409,8,35,14,0,2,599.002,332.006,931.01,0.64,0,1,2,1,3,0.67,299.501,332.006,0.47,310.336,1
9150,7,11,"odd",21,"M",0.05,1.5,6.75,3.4,6,4,NA,NA,NA,2793,17,35,17,0,1,1065.997,1184.012,2250.01,0.47,0,0,4,5,9,0.44,266.49925,236.8024,0.53,250.001,2
9150,8,11,"odd",21,"M",0.05,1.5,6.75,3.4,6,4,NA,NA,NA,1939,25,35,20,0,1,183.002,1232.999,1416,0.13,0,0,1,4,5,0.2,183.002,308.24975,0.37,283.2002,2
9150,9,11,"odd",21,"M",0.05,1.5,6.75,3.4,6,4,NA,NA,NA,2122,36,50,14,0,2,498.995,1102.003,1601,0.31,0,0,2,3,5,0.4,249.4975,367.334333333333,0.4,320.1996,2
9156,1,10,"even",19,"F",1.198,4,5.75,3.4,5.66666666666667,3,NA,NA,NA,7169,21,20,8,0,3,2260.991,499.007000000001,2760,0.82,1,1,9,3,12,0.75,251.221222222222,166.335666666667,0.6,229.999833333333,4
9156,10,10,"even",19,"F",1.198,4,5.75,3.4,5.66666666666667,3,NA,NA,NA,6767,27,50,17,0,2,1798.017,1963.992,3762.01,0.48,1,0,10,8,18,0.56,179.8017,245.499,0.42,209.0005,5
9156,11,10,"even",19,"F",1.198,4,5.75,3.4,5.66666666666667,3,NA,NA,NA,4720,14,50,20,0,2,1993.995,798.002,2792,0.71,1,0,7,3,10,0.7,284.856428571429,266.000666666667,0.52,279.1997,5
9156,12,10,"even",19,"F",1.198,4,5.75,3.4,5.66666666666667,3,NA,NA,NA,1795,32,50,23,0,2,166.003,416,582,0.29,1,0,1,1,2,0.5,166.003,416,0.29,291.0015,1
9156,13,10,"even",19,"F",1.198,4,5.75,3.4,5.66666666666667,3,NA,NA,NA,1729,34,65,17,0,2,518.002,398.003,916,0.57,1,0,2,2,4,0.5,259.001,199.0015,0.57,229.00125,3
9156,14,10,"even",19,"F",1.198,4,5.75,3.4,5.66666666666667,3,NA,NA,NA,2321,11,65,20,0,2,481.997,418.009,900.01,0.54,1,0,2,2,4,0.5,240.9985,209.0045,0.54,225.0015,3
9156,15,10,"even",19,"F",1.198,4,5.75,3.4,5.66666666666667,3,NA,NA,NA,1138,25,65,23,0,2,150.003,265.997,416,0.36,1,0,1,2,3,0.33,150.003,132.9985,0.53,138.666666666667,1
9156,16,10,"even",19,"F",1.198,4,5.75,3.4,5.66666666666667,3,NA,NA,NA,3086,5,80,20,0,2,698.995,633.998,1332.99,0.52,1,0,4,4,8,0.5,174.74875,158.4995,0.52,166.624125,3
9156,17,10,"even",19,"F",1.198,4,5.75,3.4,5.66666666666667,3,NA,NA,NA,2236,13,80,23,0,2,399.002,464.999,864,0.46,1,0,2,2,4,0.5,199.501,232.4995,0.46,216.00025,3
9156,18,10,"even",19,"F",1.198,4,5.75,3.4,5.66666666666667,3,NA,NA,NA,1781,24,95,23,0,2,316.991,249.997,566.99,0.56,1,1,2,1,3,0.67,158.4955,249.997,0.39,188.996,2
9156,19,10,"even",19,"F",1.198,4,5.75,3.4,5.66666666666667,3,NA,NA,NA,4189,20,35,5,1,1,832.986,1131.994,1964.98,0.42,1,0,3,5,8,0.38,277.662,226.3988,0.55,245.6225,5
9156,2,10,"even",19,"F",1.198,4,5.75,3.4,5.66666666666667,3,NA,NA,NA,2218,10,20,11,0,1,466.996,313.997,780.99,0.6,1,0,2,2,4,0.5,233.498,156.9985,0.6,195.24825,3
9156,20,10,"even",19,"F",1.198,4,5.75,3.4,5.66666666666667,3,NA,NA,NA,1857,9,50,5,1,1,116.992,116.006,233,0.5,1,0,1,1,2,0.5,116.992,116.006,0.5,116.499,1
9156,21,10,"even",19,"F",1.198,4,5.75,3.4,5.66666666666667,3,NA,NA,NA,1906,6,50,8,1,2,380.992,150.003,530.99,0.72,1,1,2,1,3,0.67,190.496,150.003,0.56,176.998333333333,2
9156,22,10,"even",19,"F",1.198,4,5.75,3.4,5.66666666666667,3,NA,NA,NA,2946,30,65,5,1,2,714.995,615.999,1330.99,0.54,1,0,3,3,6,0.5,238.331666666667,205.333,0.54,221.832333333333,5
9156,23,10,"even",19,"F",1.198,4,5.75,3.4,5.66666666666667,3,NA,NA,NA,3290,16,65,8,1,1,1132.007,317.005,1449.01,0.78,1,0,4,2,6,0.67,283.00175,158.5025,0.64,241.502,1
9156,24,10,"even",19,"F",1.198,4,5.75,3.4,5.66666666666667,3,NA,NA,NA,2156,35,65,11,0,2,166.003,849.01,1015.01,0.16,1,0,1,4,5,0.2,166.003,212.2525,0.44,203.0026,1
9156,25,10,"even",19,"F",1.198,4,5.75,3.4,5.66666666666667,3,NA,NA,NA,1647,22,80,5,1,2,117.005,298.982,415.99,0.28,1,0,1,2,3,0.33,117.005,149.491,0.44,138.662333333333,1
9156,26,10,"even",19,"F",1.198,4,5.75,3.4,5.66666666666667,3,NA,NA,NA,2031,7,80,8,1,1,216.999,181.99,398.99,0.54,1,0,1,1,2,0.5,216.999,181.99,0.54,199.4945,1
9156,27,10,"even",19,"F",1.198,4,5.75,3.4,5.66666666666667,3,NA,NA,NA,2585,1,80,11,1,1,698.01,517.006,1215.02,0.57,1,0,3,3,6,0.5,232.67,172.335333333333,0.57,202.502666666667,3
9156,28,10,"even",19,"F",1.198,4,5.75,3.4,5.66666666666667,3,NA,NA,NA,2010,26,80,14,0,2,415.987,335.002,750.99,0.55,1,1,3,2,5,0.6,138.662333333333,167.501,0.45,150.1978,2
9156,29,10,"even",19,"F",1.198,4,5.75,3.4,5.66666666666667,3,NA,NA,NA,2248,18,95,8,1,1,682.009,300.007,982.02,0.69,1,0,4,2,6,0.67,170.50225,150.0035,0.53,163.669333333333,1
9156,3,10,"even",19,"F",1.198,4,5.75,3.4,5.66666666666667,3,NA,NA,NA,3520,3,20,14,0,2,1130.995,466.983,1597.98,0.71,1,1,4,2,6,0.67,282.74875,233.4915,0.55,266.329666666667,4
9156,30,10,"even",19,"F",1.198,4,5.75,3.4,5.66666666666667,3,NA,NA,NA,2169,36,95,11,0,2,167.002,584,751,0.22,1,0,1,2,3,0.33,167.002,292,0.36,250.334,1
9156,31,10,"even",19,"F",1.198,4,5.75,3.4,5.66666666666667,3,NA,NA,NA,1780,23,95,14,0,2,584,615.002,1199,0.49,1,1,2,1,3,0.67,292,615.002,0.32,399.667333333333,2
9156,32,10,"even",19,"F",1.198,4,5.75,3.4,5.66666666666667,3,NA,NA,NA,4240,12,95,17,0,3,1267.007,630.988,1898,0.67,1,0,6,3,9,0.67,211.167833333333,210.329333333333,0.5,210.888333333333,3
9156,33,10,"even",19,"F",1.198,4,5.75,3.4,5.66666666666667,3,NA,NA,NA,1816,4,110,11,1,1,249.997,284.006,534,0.47,1,0,1,1,2,0.5,249.997,284.006,0.47,267.0015,1
9156,34,10,"even",19,"F",1.198,4,5.75,3.4,5.66666666666667,3,NA,NA,NA,3278,29,110,14,1,2,566.004,932.006,1498.01,0.38,1,1,3,3,6,0.5,188.668,310.668666666667,0.38,249.668333333333,4
9156,35,10,"even",19,"F",1.198,4,5.75,3.4,5.66666666666667,3,NA,NA,NA,2025,17,110,17,1,1,266.995,250.01,517,0.52,1,0,1,1,2,0.5,266.995,250.01,0.52,258.5025,1
9156,36,10,"even",19,"F",1.198,4,5.75,3.4,5.66666666666667,3,NA,NA,NA,3243,33,110,20,0,1,333.99,733.991,1067.98,0.31,1,1,2,2,4,0.5,166.995,366.9955,0.31,266.99525,2
9156,4,10,"even",19,"F",1.198,4,5.75,3.4,5.66666666666667,3,NA,NA,NA,2162,28,20,17,0,1,382.003,999.003,1381.01,0.28,1,1,2,3,5,0.4,191.0015,333.001,0.36,276.2012,2
9156,5,10,"even",19,"F",1.198,4,5.75,3.4,5.66666666666667,3,NA,NA,NA,2478,15,35,11,0,2,865.011,882.995,1748.01,0.49,1,0,4,3,7,0.57,216.25275,294.331666666667,0.42,249.715142857143,3
9156,6,10,"even",19,"F",1.198,4,5.75,3.4,5.66666666666667,3,NA,NA,NA,2039,31,35,14,0,2,216.998,333.99,550.99,0.39,1,0,1,2,3,0.33,216.998,166.995,0.57,183.662666666667,1
9156,7,10,"even",19,"F",1.198,4,5.75,3.4,5.66666666666667,3,NA,NA,NA,1910,19,35,17,0,2,316.006,382.003,698.01,0.45,1,1,2,2,4,0.5,158.003,191.0015,0.45,174.50225,2
9156,8,10,"even",19,"F",1.198,4,5.75,3.4,5.66666666666667,3,NA,NA,NA,2835,8,35,20,0,1,468.006,765.005,1233.01,0.38,1,0,2,4,6,0.33,234.003,191.25125,0.55,205.501833333333,3
9156,9,10,"even",19,"F",1.198,4,5.75,3.4,5.66666666666667,3,NA,NA,NA,2649,2,50,14,0,2,615.999,1249.998,1866,0.33,1,0,3,4,7,0.43,205.333,312.4995,0.4,266.571,3
9183,1,13,"odd",19,"F",-0.211,4.5,5.75,3.6,5.33333333333333,3,NA,NA,NA,2041,9,20,8,1,1,1115.993,381.978,1497.97,0.75,0,1,5,2,7,0.71,223.1986,190.989,0.54,213.995857142857,1
9183,10,13,"odd",19,"F",-0.211,4.5,5.75,3.6,5.33333333333333,3,NA,NA,NA,5865,20,50,17,1,2,2879.999,898.995,3778.99,0.76,0,1,8,4,12,0.67,359.999875,224.74875,0.62,314.916166666667,3
9183,11,13,"odd",19,"F",-0.211,4.5,5.75,3.6,5.33333333333333,3,NA,NA,NA,4361,28,50,20,1,3,1166.004,1862.016,3028.02,0.39,0,1,6,5,11,0.55,194.334,372.4032,0.34,275.274545454545,5
9183,12,13,"odd",19,"F",-0.211,4.5,5.75,3.6,5.33333333333333,3,NA,NA,NA,3472,3,50,23,1,2,1197.992,1198.987,2396.98,0.5,0,1,6,6,12,0.5,199.665333333333,199.831166666666,0.5,199.74825,5
9183,13,13,"odd",19,"F",-0.211,4.5,5.75,3.6,5.33333333333333,3,NA,NA,NA,6617,5,65,17,1,2,3577.994,1000.999,4578.99,0.78,0,1,13,5,18,0.72,275.230307692308,200.1998,0.58,254.3885,5
9183,14,13,"odd",19,"F",-0.211,4.5,5.75,3.6,5.33333333333333,3,NA,NA,NA,3287,31,65,20,0,3,947.981,883.993,1831.97,0.52,0,1,5,3,8,0.62,189.5962,294.664333333333,0.39,228.99675,5
9183,15,13,"odd",19,"F",-0.211,4.5,5.75,3.6,5.33333333333333,3,NA,NA,NA,2825,21,65,23,0,3,1131.007,947.009,2078.02,0.54,0,1,4,4,8,0.5,282.75175,236.75225,0.54,259.752,3
9183,16,13,"odd",19,"F",-0.211,4.5,5.75,3.6,5.33333333333333,3,NA,NA,NA,2817,15,80,20,1,2,699.008,1014.989,1714,0.41,0,0,1,4,5,0.2,699.008,253.74725,0.73,342.7994,2
9183,17,13,"odd",19,"F",-0.211,4.5,5.75,3.6,5.33333333333333,3,NA,NA,NA,3206,29,80,23,1,2,1166.003,730.994,1897,0.61,0,0,5,3,8,0.62,233.2006,243.664666666667,0.49,237.124625,4
9183,18,13,"odd",19,"F",-0.211,4.5,5.75,3.6,5.33333333333333,3,NA,NA,NA,5469,10,95,23,1,2,2930.009,864.997999999999,3795.01,0.77,0,0,11,4,15,0.73,266.364454545454,216.2495,0.55,253.000466666667,6
9183,19,13,"odd",19,"F",-0.211,4.5,5.75,3.6,5.33333333333333,3,NA,NA,NA,2743,7,35,5,1,1,1081.011,783.002,1864.01,0.58,0,1,5,4,9,0.56,216.2022,195.7505,0.52,207.112555555556,3
9183,2,13,"odd",19,"F",-0.211,4.5,5.75,3.6,5.33333333333333,3,NA,NA,NA,2150,33,20,11,0,2,648.998,699.008,1348.01,0.48,0,1,4,2,6,0.67,162.2495,349.504,0.32,224.667666666667,3
9183,20,13,"odd",19,"F",-0.211,4.5,5.75,3.6,5.33333333333333,3,NA,NA,NA,1500,35,50,5,1,1,249.997,833.998,1084,0.23,0,0,1,4,5,0.2,249.997,208.4995,0.55,216.799,2
9183,21,13,"odd",19,"F",-0.211,4.5,5.75,3.6,5.33333333333333,3,NA,NA,NA,1274,18,50,8,1,1,232.998,782.987,1015.98,0.23,0,0,1,3,4,0.25,232.998,260.995666666667,0.47,253.99625,2
9183,22,13,"odd",19,"F",-0.211,4.5,5.75,3.6,5.33333333333333,3,NA,NA,NA,1465,23,65,5,1,1,183.001,649.012,832.01,0.22,0,0,1,2,3,0.33,183.001,324.506,0.36,277.337666666667,2
9183,23,13,"odd",19,"F",-0.211,4.5,5.75,3.6,5.33333333333333,3,NA,NA,NA,2293,25,65,8,1,1,498.983,979.993,1478.98,0.34,0,0,2,2,4,0.5,249.4915,489.9965,0.34,369.744,2
9183,24,13,"odd",19,"F",-0.211,4.5,5.75,3.6,5.33333333333333,3,NA,NA,NA,3863,1,65,11,1,1,398.99,2513.013,2912,0.14,0,0,3,8,11,0.27,132.996666666667,314.126625,0.3,264.727545454545,4
9183,25,13,"odd",19,"F",-0.211,4.5,5.75,3.6,5.33333333333333,3,NA,NA,NA,1366,11,80,5,1,1,299.994,616,915.99,0.33,0,0,2,2,4,0.5,149.997,308,0.33,228.9985,2
9183,26,13,"odd",19,"F",-0.211,4.5,5.75,3.6,5.33333333333333,3,NA,NA,NA,1437,34,80,8,1,1,451.008,398.004,849.01,0.53,0,1,2,2,4,0.5,225.504,199.002,0.53,212.253,1
9183,27,13,"odd",19,"F",-0.211,4.5,5.75,3.6,5.33333333333333,3,NA,NA,NA,2167,16,80,11,1,1,1313.011,249.997,1563.01,0.84,0,1,4,1,5,0.8,328.25275,249.997,0.57,312.6016,1
9183,28,13,"odd",19,"F",-0.211,4.5,5.75,3.6,5.33333333333333,3,NA,NA,NA,2779,19,80,14,1,1,465.011,1381.006,1846.02,0.25,0,0,3,4,7,0.43,155.003666666667,345.2515,0.31,263.716714285714,4
9183,29,13,"odd",19,"F",-0.211,4.5,5.75,3.6,5.33333333333333,3,NA,NA,NA,2145,30,95,8,1,1,1062.99,632.999,1695.99,0.63,0,1,3,2,5,0.6,354.33,316.4995,0.53,339.1978,1
9183,3,13,"odd",19,"F",-0.211,4.5,5.75,3.6,5.33333333333333,3,NA,NA,NA,3225,13,20,14,0,3,1664.987,698.995,2363.98,0.7,0,1,7,3,10,0.7,237.855285714286,232.998333333333,0.51,236.3982,3
9183,30,13,"odd",19,"F",-0.211,4.5,5.75,3.6,5.33333333333333,3,NA,NA,NA,5056,4,95,11,1,1,1529.012,2512.025,4041.04,0.38,0,1,8,9,17,0.47,191.1265,279.113888888889,0.41,237.708058823529,3
9183,31,13,"odd",19,"F",-0.211,4.5,5.75,3.6,5.33333333333333,3,NA,NA,NA,1797,12,95,14,1,1,416,766.002,1182,0.35,0,0,2,3,5,0.4,208,255.334,0.45,236.4004,2
9183,32,13,"odd",19,"F",-0.211,4.5,5.75,3.6,5.33333333333333,3,NA,NA,NA,1410,32,95,17,1,2,316.007,800,1116.01,0.28,0,0,2,3,5,0.4,158.0035,266.666666666667,0.37,223.2014,2
9183,33,13,"odd",19,"F",-0.211,4.5,5.75,3.6,5.33333333333333,3,NA,NA,NA,1848,14,110,11,1,1,764.991,665.984,1430.97,0.53,0,0,4,4,8,0.5,191.24775,166.496,0.53,178.871875,2
9183,34,13,"odd",19,"F",-0.211,4.5,5.75,3.6,5.33333333333333,3,NA,NA,NA,1642,24,110,14,1,1,183.002,898.995,1082,0.17,0,0,1,3,4,0.25,183.002,299.665,0.38,270.49925,2
9183,35,13,"odd",19,"F",-0.211,4.5,5.75,3.6,5.33333333333333,3,NA,NA,NA,1914,27,110,17,1,1,567.002,599.987,1166.99,0.49,0,1,3,3,6,0.5,189.000666666667,199.995666666667,0.49,194.498166666667,3
9183,36,13,"odd",19,"F",-0.211,4.5,5.75,3.6,5.33333333333333,3,NA,NA,NA,4377,2,110,20,1,2,1431.002,1929.011,3360.01,0.43,0,0,6,7,13,0.46,238.500333333333,275.573,0.46,258.462538461538,4
9183,4,13,"odd",19,"F",-0.211,4.5,5.75,3.6,5.33333333333333,3,NA,NA,NA,2343,22,20,17,0,2,765.006,832.999,1598,0.48,0,1,5,3,8,0.62,153.0012,277.666333333333,0.36,199.750625,3
9183,5,13,"odd",19,"F",-0.211,4.5,5.75,3.6,5.33333333333333,3,NA,NA,NA,5626,26,35,11,1,2,2479.015,1416.026,3895.04,0.64,0,1,8,7,15,0.53,309.876875,202.289428571428,0.61,259.6694,3
9183,6,13,"odd",19,"F",-0.211,4.5,5.75,3.6,5.33333333333333,3,NA,NA,NA,5010,6,35,14,1,2,1846.989,1516.992,3363.98,0.55,0,1,6,7,13,0.46,307.8315,216.713142857143,0.59,258.767769230769,5
9183,7,13,"odd",19,"F",-0.211,4.5,5.75,3.6,5.33333333333333,3,NA,NA,NA,6449,8,35,17,1,2,1614.015,2862.001,4476.02,0.36,0,0,7,10,17,0.41,230.573571428571,286.2001,0.45,263.295058823529,6
9183,8,13,"odd",19,"F",-0.211,4.5,5.75,3.6,5.33333333333333,3,NA,NA,NA,2464,36,35,20,0,2,449.012,732.993,1182,0.38,0,0,3,3,6,0.5,149.670666666667,244.331,0.38,197.000833333333,2
9183,9,13,"odd",19,"F",-0.211,4.5,5.75,3.6,5.33333333333333,3,NA,NA,NA,2199,17,50,14,1,1,780.99,699.981,1480.97,0.53,0,1,3,2,5,0.6,260.33,349.9905,0.43,296.1942,3
9340,1,6,"even",32,"F",0.409,5.5,6,0.8,6.33333333333333,3,NA,NA,NA,2112,2,20,8,1,1,1265.01,349.005,1614.01,0.78,1,1,6,1,7,0.86,210.835,349.005,0.38,230.573571428571,2
9340,10,6,"even",32,"F",0.409,5.5,6,0.8,6.33333333333333,3,NA,NA,NA,2468,18,50,17,1,1,1215.002,316.007,1531.01,0.79,1,1,6,2,8,0.75,202.500333333333,158.0035,0.56,191.376125,2
9340,11,6,"even",32,"F",0.409,5.5,6,0.8,6.33333333333333,3,NA,NA,NA,5907,35,50,20,1,3,3690.023,800,4490.02,0.82,1,1,15,4,19,0.79,246.001533333333,200,0.55,236.317,6
9340,12,6,"even",32,"F",0.409,5.5,6,0.8,6.33333333333333,3,NA,NA,NA,2453,21,50,23,0,3,815.015,697.996,1513.01,0.54,1,0,4,4,8,0.5,203.75375,174.499,0.54,189.126375,3
9340,13,6,"even",32,"F",0.409,5.5,6,0.8,6.33333333333333,3,NA,NA,NA,3979,20,65,17,1,2,2262.99,615.001,2877.99,0.79,1,1,9,3,12,0.75,251.443333333333,205.000333333333,0.55,239.832583333333,4
9340,14,6,"even",32,"F",0.409,5.5,6,0.8,6.33333333333333,3,NA,NA,NA,2071,10,65,20,1,1,1481.997,133.005,1615,0.92,1,1,6,1,7,0.86,246.9995,133.005,0.65,230.714571428571,2
9340,15,6,"even",32,"F",0.409,5.5,6,0.8,6.33333333333333,3,NA,NA,NA,3820,15,65,23,0,3,1631.66566666667,782.988,2414.65,0.68,0,1,6,3,9,0.67,271.944277777778,260.996,0.51,268.294851851852,3
9340,16,6,"even",32,"F",0.409,5.5,6,0.8,6.33333333333333,3,NA,NA,NA,2980,30,80,20,1,1,1697.012,280.999,1978.01,0.86,1,1,7,2,9,0.78,242.430285714286,140.4995,0.63,219.779,4
9340,17,6,"even",32,"F",0.409,5.5,6,0.8,6.33333333333333,3,NA,NA,NA,2348,33,80,23,0,3,582.003,1032.999,1615,0.36,0,0,1,3,4,0.25,582.003,344.333,0.63,403.7505,2
9340,18,6,"even",32,"F",0.409,5.5,6,0.8,6.33333333333333,3,NA,NA,NA,2393,1,95,23,1,1,765.991,464,1229.99,0.62,1,1,5,2,7,0.71,153.1982,232,0.4,175.713,2
9340,19,6,"even",32,"F",0.409,5.5,6,0.8,6.33333333333333,3,NA,NA,NA,2248,4,35,5,1,1,1532.021,132.007,1664.03,0.92,1,1,4,1,5,0.8,383.00525,132.007,0.74,332.8056,2
9340,2,6,"even",32,"F",0.409,5.5,6,0.8,6.33333333333333,3,NA,NA,NA,5632,7,20,11,1,1,2847.998,1063.988,3911.99,0.73,1,1,12,5,17,0.71,237.333166666667,212.7976,0.53,230.116823529412,6
9340,20,6,"even",32,"F",0.409,5.5,6,0.8,6.33333333333333,3,NA,NA,NA,1512,8,50,5,1,1,531.994,349.004,881,0.6,1,1,2,2,4,0.5,265.997,174.502,0.6,220.2495,2
9340,21,6,"even",32,"F",0.409,5.5,6,0.8,6.33333333333333,3,NA,NA,NA,1436,25,50,8,1,1,648,200,848,0.76,1,1,3,1,4,0.75,216,200,0.52,212,2
9340,22,6,"even",32,"F",0.409,5.5,6,0.8,6.33333333333333,3,NA,NA,NA,1634,17,65,5,1,1,729.011,233.011,962.02,0.76,1,1,4,1,5,0.8,182.25275,233.011,0.44,192.4044,2
9340,23,6,"even",32,"F",0.409,5.5,6,0.8,6.33333333333333,3,NA,NA,NA,1265,31,65,8,1,1,533.005,133.004,666.01,0.8,1,1,3,1,4,0.75,177.668333333333,133.004,0.57,166.50225,2
9340,24,6,"even",32,"F",0.409,5.5,6,0.8,6.33333333333333,3,NA,NA,NA,3671,22,65,11,1,2,1730.994,716.007,2447,0.71,1,0,6,4,10,0.6,288.499,179.00175,0.62,244.7001,5
9340,25,6,"even",32,"F",0.409,5.5,6,0.8,6.33333333333333,3,NA,NA,NA,2777,3,80,5,1,1,1030.016,346.981,1377,0.75,1,1,5,3,8,0.62,206.0032,115.660333333333,0.64,172.124625,2
9340,26,6,"even",32,"F",0.409,5.5,6,0.8,6.33333333333333,3,NA,NA,NA,2171,9,80,8,1,1,1182.005,317.005,1499.01,0.79,1,1,6,2,8,0.75,197.000833333333,158.5025,0.55,187.37625,4
9340,27,6,"even",32,"F",0.409,5.5,6,0.8,6.33333333333333,3,NA,NA,NA,2848,26,80,11,1,1,1795.994,249.997,2045.99,0.88,1,1,7,1,8,0.88,256.570571428571,249.997,0.51,255.748875,2
9340,28,6,"even",32,"F",0.409,5.5,6,0.8,6.33333333333333,3,NA,NA,NA,2552,14,80,14,1,1,1162.981,532.992,1695.97,0.69,1,1,5,3,8,0.62,232.5962,177.664,0.57,211.996625,4
9340,29,6,"even",32,"F",0.409,5.5,6,0.8,6.33333333333333,3,NA,NA,NA,1350,36,95,8,1,1,666.01,166.003,832.01,0.8,1,1,4,1,5,0.8,166.5025,166.003,0.5,166.4026,2
9340,3,6,"even",32,"F",0.409,5.5,6,0.8,6.33333333333333,3,NA,NA,NA,1663,29,20,14,1,1,916.006,149.005,1065.01,0.86,1,1,4,1,5,0.8,229.0015,149.005,0.61,213.0022,2
9340,30,6,"even",32,"F",0.409,5.5,6,0.8,6.33333333333333,3,NA,NA,NA,1884,24,95,11,1,1,1031,0,1031,1,1,1,4,0,4,1,257.75,0,1,257.75,0
9340,31,6,"even",32,"F",0.409,5.5,6,0.8,6.33333333333333,3,NA,NA,NA,2151,5,95,14,1,1,865.996,200,1066,0.81,1,1,3,1,4,0.75,288.665333333333,200,0.59,266.499,2
9340,32,6,"even",32,"F",0.409,5.5,6,0.8,6.33333333333333,3,NA,NA,NA,3656,12,95,17,1,2,1930.993,350.003,2281,0.85,0,1,9,2,11,0.82,214.554777777778,175.0015,0.55,207.363272727273,3
9340,33,6,"even",32,"F",0.409,5.5,6,0.8,6.33333333333333,3,NA,NA,NA,2936,27,110,11,1,1,1713.013,399.001,2112.01,0.81,1,1,7,2,9,0.78,244.716142857143,199.5005,0.55,234.668222222222,4
9340,34,6,"even",32,"F",0.409,5.5,6,0.8,6.33333333333333,3,NA,NA,NA,2597,13,110,14,1,1,665.996,778.996,1444.99,0.46,1,1,3,3,6,0.5,221.998666666667,259.665333333333,0.46,240.832,4
9340,35,6,"even",32,"F",0.409,5.5,6,0.8,6.33333333333333,3,NA,NA,NA,3209,34,110,17,1,1,1647.999,432.999,2081,0.79,1,0,7,2,9,0.78,235.428428571429,216.4995,0.52,231.222,3
9340,36,6,"even",32,"F",0.409,5.5,6,0.8,6.33333333333333,3,NA,NA,NA,2874,19,110,20,1,1,998.003,713.971,1711.97,0.58,1,1,6,4,10,0.6,166.333833333333,178.49275,0.48,171.1974,4
9340,4,6,"even",32,"F",0.409,5.5,6,0.8,6.33333333333333,3,NA,NA,NA,4714,16,20,17,1,2,1980.044,1015.987,2996.03,0.66,1,0,9,5,14,0.64,220.004888888889,203.1974,0.52,214.002214285714,7
9340,5,6,"even",32,"F",0.409,5.5,6,0.8,6.33333333333333,3,NA,NA,NA,4137,32,35,11,1,1,2614.015,383.002,2997.02,0.87,1,1,8,2,10,0.8,326.751875,191.501,0.63,299.7017,4
9340,6,6,"even",32,"F",0.409,5.5,6,0.8,6.33333333333333,3,NA,NA,NA,3617,23,35,14,1,1,2046.003,700.979,2746.98,0.74,1,1,8,3,11,0.73,255.750375,233.659666666667,0.52,249.725636363636,4
9340,7,6,"even",32,"F",0.409,5.5,6,0.8,6.33333333333333,3,NA,NA,NA,3367,6,35,17,1,2,1614.988,448.999,2063.99,0.78,1,1,5,2,7,0.71,322.9976,224.4995,0.59,294.855285714286,2
9340,8,6,"even",32,"F",0.409,5.5,6,0.8,6.33333333333333,3,NA,NA,NA,3991,11,35,20,1,1,2496.998,616.986,3113.98,0.8,1,1,12,3,15,0.8,208.083166666667,205.662,0.5,207.598933333333,4
9340,9,6,"even",32,"F",0.409,5.5,6,0.8,6.33333333333333,3,NA,NA,NA,3263,28,50,14,1,1,1693.99,714.993,2408.98,0.7,1,1,7,4,11,0.64,241.998571428571,178.74825,0.58,218.998454545454,4
9454,1,10,"even",24,"M",0.181,2.75,4.25,3.2,7,2,NA,NA,NA,2185,24,20,8,0,2,880.999,351.002,1232,0.72,1,1,4,2,6,0.67,220.24975,175.501,0.56,205.3335,4
9454,10,10,"even",24,"M",0.181,2.75,4.25,3.2,7,2,NA,NA,NA,1850,30,50,17,0,1,431.999,183.001,615,0.7,1,1,2,1,3,0.67,215.9995,183.001,0.54,205,2
9454,11,10,"even",24,"M",0.181,2.75,4.25,3.2,7,2,NA,NA,NA,1977,8,50,20,0,1,466.009,849.011,1315.02,0.35,1,0,3,3,6,0.5,155.336333333333,283.003666666667,0.35,219.17,3
9454,12,10,"even",24,"M",0.181,2.75,4.25,3.2,7,2,NA,NA,NA,1787,36,50,23,0,1,900.007,283.008,1183.02,0.76,1,1,2,2,4,0.5,450.0035,141.504,0.76,295.75375,2
9454,13,10,"even",24,"M",0.181,2.75,4.25,3.2,7,2,NA,NA,NA,4129,35,65,17,0,3,2081.013,747.994000000001,2829.01,0.74,1,1,6,5,11,0.55,346.8355,149.5988,0.7,257.182454545455,6
9454,14,10,"even",24,"M",0.181,2.75,4.25,3.2,7,2,NA,NA,NA,3937,2,65,20,0,3,1698.009,1064.998,2763.01,0.61,1,0,6,4,10,0.6,283.0015,266.2495,0.52,276.3007,5
9454,15,10,"even",24,"M",0.181,2.75,4.25,3.2,7,2,NA,NA,NA,2030,27,65,23,0,3,764.006,432,1196.01,0.64,1,1,4,2,6,0.67,191.0015,216,0.47,199.334333333333,4
9454,16,10,"even",24,"M",0.181,2.75,4.25,3.2,7,2,NA,NA,NA,1622,16,80,20,1,1,367.015,533.005,900.02,0.41,1,0,2,3,5,0.4,183.5075,177.668333333333,0.51,180.004,3
9454,17,10,"even",24,"M",0.181,2.75,4.25,3.2,7,2,NA,NA,NA,3422,7,80,23,0,3,1313.012,249.984,1563,0.84,1,1,5,2,7,0.71,262.6024,124.992,0.68,223.285142857143,4
9454,18,10,"even",24,"M",0.181,2.75,4.25,3.2,7,2,NA,NA,NA,2905,23,95,23,0,2,1979.993,265.983,2245.98,0.88,1,1,7,2,9,0.78,282.856142857143,132.9915,0.68,249.552888888889,2
9454,19,10,"even",24,"M",0.181,2.75,4.25,3.2,7,2,NA,NA,NA,2879,22,35,5,0,3,1778.968,249.012,2027.98,0.88,1,1,6,2,8,0.75,296.494666666667,124.506,0.7,253.4975,4
9454,2,10,"even",24,"M",0.181,2.75,4.25,3.2,7,2,NA,NA,NA,3236,4,20,11,0,2,932.006,880.998,1813,0.51,1,0,4,5,9,0.44,233.0015,176.1996,0.57,201.444888888889,5
9454,20,10,"even",24,"M",0.181,2.75,4.25,3.2,7,2,NA,NA,NA,1514,5,50,5,1,1,350.003,133.004,483.01,0.72,1,0,1,1,2,0.5,350.003,133.004,0.72,241.5035,1
9454,21,10,"even",24,"M",0.181,2.75,4.25,3.2,7,2,NA,NA,NA,1777,14,50,8,1,1,682.983,281.997,964.98,0.71,1,0,2,2,4,0.5,341.4915,140.9985,0.71,241.245,3
9454,22,10,"even",24,"M",0.181,2.75,4.25,3.2,7,2,NA,NA,NA,2601,29,65,5,1,1,382.002,647.988,1029.99,0.37,1,0,2,3,5,0.4,191.001,215.996,0.47,205.998,3
9454,23,10,"even",24,"M",0.181,2.75,4.25,3.2,7,2,NA,NA,NA,1635,9,65,8,1,1,567.015,200,767.02,0.74,1,1,4,1,5,0.8,141.75375,200,0.41,153.403,2
9454,24,10,"even",24,"M",0.181,2.75,4.25,3.2,7,2,NA,NA,NA,2497,33,65,11,1,2,1216.012,399.002,1615.01,0.75,1,1,5,2,7,0.71,243.2024,199.501,0.55,230.716285714286,2
9454,25,10,"even",24,"M",0.181,2.75,4.25,3.2,7,2,NA,NA,NA,1755,21,80,5,1,1,782.003,300.007,1082.01,0.72,1,1,2,2,4,0.5,391.0015,150.0035,0.72,270.5025,2
9454,26,10,"even",24,"M",0.181,2.75,4.25,3.2,7,2,NA,NA,NA,3066,6,80,8,1,2,831.015,681.998,1513.01,0.55,1,0,4,3,7,0.57,207.75375,227.332666666667,0.48,216.144714285714,5
9454,27,10,"even",24,"M",0.181,2.75,4.25,3.2,7,2,NA,NA,NA,3466,18,80,11,1,3,2179.98,249.996,2429.98,0.9,1,1,8,2,10,0.8,272.4975,124.998,0.69,242.9976,4
9454,28,10,"even",24,"M",0.181,2.75,4.25,3.2,7,2,NA,NA,NA,2427,28,80,14,1,3,1179.995,432.999,1612.99,0.73,1,1,5,3,8,0.62,235.999,144.333,0.62,201.62425,4
9454,29,10,"even",24,"M",0.181,2.75,4.25,3.2,7,2,NA,NA,NA,1489,10,95,8,1,1,714.996,165.991,880.99,0.81,1,1,3,1,4,0.75,238.332,165.991,0.59,220.24675,2
9454,3,10,"even",24,"M",0.181,2.75,4.25,3.2,7,2,NA,NA,NA,1698,17,20,14,0,3,399.014,417.011,816.02,0.49,1,0,3,3,6,0.5,133.004666666667,139.003666666667,0.49,136.004166666667,3
9454,30,10,"even",24,"M",0.181,2.75,4.25,3.2,7,2,NA,NA,NA,1488,32,95,11,1,1,782.003,183.002,965,0.81,1,1,2,1,3,0.67,391.0015,183.002,0.68,321.668333333333,2
9454,31,10,"even",24,"M",0.181,2.75,4.25,3.2,7,2,NA,NA,NA,1736,20,95,14,1,1,483.008,134.003,617.01,0.78,1,1,2,1,3,0.67,241.504,134.003,0.64,205.670333333333,2
9454,32,10,"even",24,"M",0.181,2.75,4.25,3.2,7,2,NA,NA,NA,3173,1,95,17,1,1,749.005,432.001,1181.01,0.63,1,1,4,2,6,0.67,187.25125,216.0005,0.46,196.834333333333,4
9454,33,10,"even",24,"M",0.181,2.75,4.25,3.2,7,2,NA,NA,NA,2563,13,110,11,1,2,1480.999,366.004,1847,0.8,1,1,2,2,4,0.5,740.4995,183.002,0.8,461.75075,2
9454,34,10,"even",24,"M",0.181,2.75,4.25,3.2,7,2,NA,NA,NA,2058,25,110,14,1,1,281.996,432.999,715,0.39,0,0,1,2,3,0.33,281.996,216.4995,0.57,238.331666666667,2
9454,35,10,"even",24,"M",0.181,2.75,4.25,3.2,7,2,NA,NA,NA,3388,11,110,17,0,3,616.014,481.998,1098.01,0.56,1,0,4,3,7,0.57,154.0035,160.666,0.49,156.858857142857,3
9454,36,10,"even",24,"M",0.181,2.75,4.25,3.2,7,2,NA,NA,NA,2097,31,110,20,1,1,714.982,449.012,1163.99,0.61,1,0,4,3,7,0.57,178.7455,149.670666666667,0.54,166.284857142857,5
9454,4,10,"even",24,"M",0.181,2.75,4.25,3.2,7,2,NA,NA,NA,2038,26,20,17,0,1,366.003,250.01,616.01,0.59,1,0,2,1,3,0.67,183.0015,250.01,0.42,205.337666666667,1
9454,5,10,"even",24,"M",0.181,2.75,4.25,3.2,7,2,NA,NA,NA,2630,12,35,11,1,2,1446.989,448,1894.99,0.76,1,1,4,3,7,0.57,361.74725,149.333333333333,0.71,270.712714285714,4
9454,6,10,"even",24,"M",0.181,2.75,4.25,3.2,7,2,NA,NA,NA,1632,34,35,14,0,1,631.987,0,631.99,1,1,1,3,0,3,1,210.662333333333,0,1,210.662333333333,0
9454,7,10,"even",24,"M",0.181,2.75,4.25,3.2,7,2,NA,NA,NA,1820,19,35,17,0,1,615.988,132.992,748.98,0.82,1,1,3,1,4,0.75,205.329333333333,132.992,0.61,187.245,2
9454,8,10,"even",24,"M",0.181,2.75,4.25,3.2,7,2,NA,NA,NA,3646,3,35,20,0,1,1614.006,348.979,1962.99,0.82,1,1,7,2,9,0.78,230.572285714286,174.4895,0.57,218.109444444444,4
9454,9,10,"even",24,"M",0.181,2.75,4.25,3.2,7,2,NA,NA,NA,1778,15,50,14,0,2,432.998,383.655666666667,816.65,0.53,1,0,2,2,4,0.5,216.499,191.827833333334,0.53,204.163416666667,3
